YearsWithCurrManager,EducationField,Age,YearsSinceLastPromotion,TotalWorkingYears,YearsAtCompany,MaritalStatus,StockOptionLevel,MonthlyIncome,JobSatisfaction,JobInvolvement,OverTime,DistanceFromHome,JobRole,DailyRate,TrainingTimesLastYear,EnvironmentSatisfaction,YearsInCurrentRole,NumCompaniesWorked,JobLevel,WorkLifeBalance,Attrition
5,1,41,0,8,6,2,0,5993,4,3,1,1,7,1102,0,2,4,8,2,1,1
7,1,49,1,10,10,1,1,5130,2,2,0,8,6,279,3,3,7,1,2,3,0
0,4,37,0,7,0,2,0,2090,3,2,1,2,2,1373,3,4,0,6,1,3,1
0,1,33,3,8,8,1,0,2909,3,3,1,3,6,1392,3,4,7,1,1,3,0
2,3,27,2,6,2,1,1,3468,2,3,0,2,2,591,3,1,2,9,1,3,0
6,1,32,3,8,7,2,0,3068,4,3,0,2,2,1005,2,4,7,0,1,2,0
0,3,59,0,12,1,1,3,2670,1,4,1,3,2,1324,3,3,0,4,1,2,0
0,1,30,0,1,1,0,1,2693,3,3,0,24,2,1358,2,4,0,1,1,3,0
8,1,38,1,10,9,2,0,9526,3,2,0,23,4,216,2,4,7,0,3,3,0
7,3,36,7,17,7,1,2,5237,3,3,0,27,0,1299,3,3,7,6,2,2,0
3,3,35,0,6,5,1,1,2426,2,4,0,16,2,809,5,1,4,0,1,3,0
8,1,29,0,10,9,2,0,4193,3,2,1,15,2,153,3,4,5,0,2,3,0
3,1,31,4,5,5,0,1,2911,3,3,0,26,6,670,1,1,2,1,1,2,0
2,3,34,1,3,2,0,1,2661,4,3,0,19,2,1346,2,2,2,0,1,3,0
3,1,28,0,6,4,2,0,2028,3,2,1,24,2,103,4,3,2,5,1,3,1
8,1,29,8,10,10,0,1,9980,1,4,0,21,4,1389,1,2,9,1,3,3,0
5,1,32,0,7,6,0,2,3298,2,4,1,5,6,334,5,1,2,0,1,2,0
0,3,22,0,1,1,0,2,2935,4,4,1,16,2,1123,2,4,0,1,1,2,0
7,1,53,3,31,25,1,0,15427,4,2,0,2,3,1219,3,1,8,2,4,3,0
2,1,38,1,6,3,2,0,3944,4,3,1,2,6,371,3,4,2,5,1,3,0
3,4,24,1,5,4,0,1,4011,3,4,0,11,4,673,5,1,2,0,2,2,0
3,1,36,0,10,5,2,0,3407,1,2,0,9,8,1218,4,3,3,7,1,3,1
11,1,34,2,13,12,2,0,11994,2,3,0,7,5,419,4,1,6,0,3,3,0
0,1,21,0,0,0,2,0,1232,4,3,0,15,6,391,6,3,0,1,1,3,0
3,3,34,1,8,4,2,0,2960,1,3,0,6,6,699,2,2,2,2,1,3,1
8,4,53,4,26,14,0,1,19094,3,3,0,5,3,1282,3,3,13,4,5,2,0
7,1,32,6,10,10,2,0,3919,1,1,1,16,6,1125,5,2,2,1,1,3,1
2,2,42,4,10,9,1,1,6825,2,3,0,8,7,691,2,3,7,0,2,3,0
17,3,44,5,24,22,1,1,10248,4,2,0,7,0,477,4,1,6,3,3,3,0
1,2,46,2,22,2,2,0,18947,1,3,0,2,3,705,2,2,2,3,5,2,0
0,3,33,0,7,1,2,0,2496,4,3,0,2,2,924,3,3,1,4,1,3,0
3,4,44,1,9,4,1,0,6465,4,3,1,10,0,1459,5,4,2,2,2,4,0
8,3,30,1,10,10,2,0,2206,3,2,0,9,2,125,5,4,0,1,1,3,0
0,5,39,0,19,1,1,1,2086,4,3,0,5,8,895,6,4,0,3,2,4,1
0,3,24,2,6,2,1,1,2293,4,3,1,1,6,813,2,2,0,2,1,2,1
4,3,43,1,6,5,0,2,2645,3,4,0,2,6,1273,3,4,3,1,1,2,0
2,2,50,0,3,3,1,0,2683,3,2,1,3,8,869,2,1,2,1,1,3,1
2,2,35,2,2,2,1,0,2014,4,3,0,2,8,890,3,4,2,1,1,3,0
0,1,36,0,6,1,1,1,3419,1,2,1,5,6,852,3,2,1,9,1,4,0
3,1,33,1,10,5,1,2,5376,1,4,0,1,7,1141,3,3,3,2,2,3,0
0,4,35,0,1,1,0,1,1951,4,3,0,4,2,464,3,3,0,1,1,3,0
0,1,27,0,1,1,0,1,2341,1,3,0,2,2,1240,6,4,0,1,1,3,0
1,1,26,0,1,1,2,0,2293,3,1,0,25,2,1357,2,1,0,1,1,2,1
7,1,27,1,9,9,2,0,8726,3,3,0,8,7,994,0,4,8,1,3,3,0
7,3,30,3,12,12,2,0,4011,4,3,0,1,2,721,2,3,8,1,2,3,0
8,5,41,15,23,22,1,0,19545,3,3,0,12,5,1360,0,2,15,1,5,3,1
7,2,34,8,10,9,2,0,4568,3,3,0,23,7,1065,2,2,5,0,2,3,0
0,1,37,0,8,1,1,0,3022,2,3,0,19,6,408,1,2,0,4,1,3,0
8,2,46,0,14,9,2,0,5772,4,3,1,5,7,1211,4,1,6,4,2,3,0
1,1,35,0,1,1,1,0,2269,4,4,0,8,2,1229,2,4,0,1,1,3,0
0,1,48,0,23,1,2,0,5381,3,2,1,1,2,626,2,1,0,9,3,3,1
2,5,28,2,2,2,2,0,3441,3,3,1,5,2,1434,3,3,2,1,1,2,1
3,2,44,1,9,4,0,1,5454,1,3,1,1,7,1488,2,2,3,5,2,2,0
3,3,35,2,10,4,1,1,9884,1,2,1,11,0,1097,3,3,0,2,3,3,0
0,2,26,0,5,2,1,1,4157,4,2,1,23,7,1443,2,3,2,7,2,2,0
12,1,33,8,15,15,2,0,13458,4,3,1,1,5,515,1,1,14,1,3,3,0
8,1,35,1,9,9,1,1,9069,1,3,0,18,7,853,3,2,8,1,3,2,0
2,3,35,2,4,2,1,1,4014,1,3,1,23,2,1142,3,3,2,3,1,3,0
7,1,31,1,10,7,0,1,5915,4,3,0,7,2,655,3,4,7,3,2,2,0
7,1,37,0,7,7,0,1,5993,3,2,0,1,4,1115,2,1,5,1,2,4,0
8,3,32,7,9,9,1,1,6162,4,3,1,1,4,427,3,1,8,1,2,3,0
9,1,38,9,10,10,2,0,2406,4,3,0,29,2,653,2,4,3,1,2,3,0
8,3,50,13,29,27,0,1,18740,3,2,1,7,5,989,2,2,3,5,5,2,0
9,1,59,7,28,21,2,0,7637,1,3,0,25,7,1435,3,1,16,7,3,2,0
8,5,36,12,17,17,0,3,10096,3,3,0,8,0,1223,2,3,14,1,3,3,0
2,3,55,0,21,5,0,3,14756,3,3,1,8,3,836,2,4,0,2,4,3,0
3,1,36,0,6,6,2,0,6499,2,2,0,11,4,1195,3,2,5,1,2,3,0
0,1,45,0,25,1,0,1,9724,1,3,0,7,6,1339,2,2,0,2,3,3,0
2,3,35,1,5,3,1,1,2194,1,3,0,1,6,664,2,2,2,4,1,2,0
0,3,36,0,2,1,1,1,3388,3,2,1,9,6,318,0,4,0,0,1,2,1
3,1,59,1,20,4,2,0,5473,3,2,0,1,7,1225,2,1,3,7,2,2,0
4,1,29,0,6,5,1,1,2703,2,3,0,2,6,1328,3,3,4,0,1,3,0
0,3,31,1,1,1,2,0,2501,2,3,0,1,6,1082,4,3,1,1,1,3,0
9,1,32,0,10,10,1,2,6220,2,3,0,1,6,548,3,2,4,1,2,3,0
0,1,36,0,5,1,1,0,3038,4,4,0,6,2,132,3,2,0,3,1,3,0
8,1,31,1,11,11,2,0,4424,4,3,0,8,4,746,2,3,7,1,2,3,0
8,2,35,2,16,15,2,0,4312,1,2,0,1,7,776,2,3,13,0,2,3,0
0,4,45,0,17,0,1,0,13245,1,3,1,6,5,193,3,4,0,4,3,4,0
2,3,37,0,16,5,2,0,13664,3,3,0,7,5,397,3,1,2,4,3,4,0
2,3,46,0,16,4,0,1,5021,2,3,1,5,1,945,2,2,2,8,2,3,0
0,1,30,3,10,10,1,2,5126,4,2,1,1,2,852,1,4,8,1,2,2,0
4,3,35,0,6,6,2,0,2859,3,2,0,1,6,1214,3,2,4,1,1,3,0
0,1,55,1,24,1,1,1,10239,4,3,0,1,7,111,4,1,0,3,3,3,0
9,3,38,1,17,13,0,3,5329,4,1,1,6,6,573,3,2,11,7,2,3,0
3,3,34,1,5,5,1,0,4325,2,3,0,1,4,1153,2,1,2,1,2,3,0
2,1,56,0,37,6,2,0,7260,4,1,0,7,4,1400,3,4,4,4,3,2,0
0,5,23,0,3,0,0,1,2322,1,3,0,2,8,541,3,3,0,3,1,3,0
3,1,51,0,10,4,1,2,2075,4,3,0,9,2,432,4,4,2,3,1,3,0
8,1,30,10,11,11,1,3,4152,4,2,0,2,0,288,3,3,10,1,2,3,0
7,3,46,4,9,9,2,0,9619,4,2,0,9,7,669,3,3,8,1,3,3,1
11,1,40,11,22,22,1,1,13503,2,2,0,1,0,530,3,3,3,1,4,2,0
0,2,51,1,11,10,2,0,5441,4,3,1,21,7,632,2,3,7,0,2,1,0
7,3,30,2,11,11,0,3,5209,2,2,1,4,7,1334,4,3,8,1,2,2,0
5,3,46,9,21,10,1,1,10673,1,2,1,1,0,638,5,3,9,2,3,2,0
7,3,32,5,12,11,2,0,5010,3,3,0,6,7,1093,0,2,8,1,2,3,0
3,5,54,0,16,4,1,1,13549,3,3,0,2,5,1217,5,1,3,9,3,1,0
2,4,24,0,4,3,1,1,4999,3,3,0,3,7,1353,2,1,2,0,2,2,0
4,3,28,0,5,5,1,0,4221,3,3,0,4,7,120,3,2,4,1,2,4,0
8,3,58,1,38,37,2,0,13872,3,3,0,10,7,682,1,4,10,0,4,2,0
2,3,44,1,17,3,1,1,2042,2,3,0,23,2,489,3,2,2,4,2,4,0
2,0,37,0,7,3,0,0,2073,1,3,1,6,1,807,3,3,2,4,1,3,1
0,1,32,0,1,1,2,0,2956,1,3,0,1,6,827,2,4,0,1,1,3,0
0,1,20,1,1,1,2,0,2926,4,2,1,6,2,871,5,4,0,1,1,3,1
10,4,34,2,16,16,2,0,4809,3,3,0,6,6,665,3,1,13,1,2,3,0
0,1,37,0,17,1,0,1,5163,4,2,0,2,0,1040,2,3,0,5,2,4,0
2,0,59,2,30,3,1,1,18844,4,2,0,2,3,1420,3,3,2,9,5,3,0
7,1,50,0,28,8,1,0,18172,2,3,1,1,5,1115,1,1,3,3,5,2,0
3,2,25,0,6,6,2,0,5744,3,2,1,5,7,240,1,3,4,1,2,3,1
1,3,25,2,2,2,1,2,2889,4,2,0,7,6,1280,2,4,2,1,1,3,0
0,3,22,0,1,0,2,0,2871,4,3,0,15,2,534,5,2,0,1,1,3,0
8,3,51,12,23,13,2,0,7484,1,2,0,1,0,1456,1,1,12,3,3,2,0
6,1,34,0,9,9,2,0,6074,3,1,1,7,2,658,3,1,7,1,2,3,1
4,0,54,4,23,5,2,0,17328,4,4,1,26,3,142,3,4,3,2,4,3,0
2,1,24,1,6,5,1,1,2774,3,3,0,18,2,1127,2,2,3,0,1,3,0
0,1,34,0,12,1,0,1,4505,2,2,0,6,6,1031,3,3,0,6,2,3,0
3,1,37,1,12,5,2,0,7428,4,3,0,3,7,1189,3,3,3,2,3,3,0
8,3,34,5,14,11,2,0,11631,1,2,0,5,3,1354,6,3,10,2,3,3,0
8,5,36,2,10,9,1,1,9738,4,3,0,11,7,1467,6,2,7,0,3,3,0
0,1,36,0,7,1,0,1,2835,4,3,0,3,2,922,2,1,0,5,1,3,0
12,1,43,4,25,25,1,2,16959,4,3,1,26,3,394,3,3,12,1,4,4,0
9,1,30,0,10,10,0,3,2613,3,1,0,23,6,1312,2,1,7,1,1,2,0
7,2,33,0,8,7,1,1,6146,2,3,0,22,7,750,2,3,7,0,2,4,0
3,1,56,4,7,5,1,3,4963,2,3,1,14,6,441,2,2,4,9,1,3,1
15,1,51,15,23,20,2,0,19537,3,3,0,6,5,684,5,1,18,7,5,3,0
7,1,31,7,12,7,1,0,6172,3,1,1,6,7,249,3,2,7,4,2,2,1
3,4,26,4,5,5,1,0,2368,2,2,0,6,6,841,3,3,4,1,1,2,0
6,3,58,15,40,40,1,1,10312,4,3,0,23,0,147,3,4,10,1,3,2,1
0,2,19,0,0,0,2,0,1675,3,3,1,22,8,528,2,4,0,1,1,2,1
1,5,22,2,3,2,1,1,2523,4,3,0,2,2,594,2,3,1,0,1,3,0
11,3,49,5,16,15,1,0,6567,1,3,0,20,4,470,2,3,11,1,2,2,0
2,3,43,1,18,3,2,0,4739,3,4,0,28,6,957,2,2,2,4,1,3,0
1,2,50,2,16,2,2,0,9208,4,3,0,12,7,809,3,3,2,4,3,3,0
2,1,31,2,4,2,1,1,4559,3,1,1,20,7,542,2,2,2,3,2,3,1
7,1,41,0,12,9,0,1,8189,3,3,1,9,7,802,2,3,7,3,3,3,0
7,1,26,5,8,8,1,1,2942,3,3,0,25,1,1355,3,3,7,1,1,3,0
1,3,36,0,7,3,0,2,4941,2,3,0,6,4,216,0,2,2,6,2,3,0
3,1,51,0,18,4,2,0,10650,4,1,0,8,4,1150,2,1,2,2,3,3,1
9,1,39,5,17,15,1,1,5902,3,2,0,4,7,1329,1,4,11,4,2,4,0
2,1,25,2,6,2,1,0,8639,3,2,0,28,7,959,3,1,2,2,2,3,0
7,0,30,4,12,11,1,0,6347,4,3,1,9,1,1240,2,3,9,0,2,1,0
4,3,32,0,10,5,2,0,4200,1,3,0,9,2,1033,2,1,4,7,1,4,1
3,3,45,0,9,6,2,0,3452,4,3,0,29,6,1316,2,3,5,5,1,2,0
2,5,38,2,19,3,2,0,4317,3,3,1,3,6,364,2,4,2,3,2,3,0
4,1,30,0,5,5,2,0,2632,3,3,0,18,6,438,4,1,4,1,1,2,0
7,3,32,0,9,8,0,3,4668,4,1,0,9,7,689,2,4,7,0,2,4,0
2,5,30,2,8,3,0,1,3204,1,3,0,5,6,201,3,4,2,5,1,3,0
2,3,30,1,6,5,2,0,2720,4,2,0,2,2,1427,3,2,3,0,1,3,0
7,1,41,7,21,7,0,1,17181,1,2,0,10,3,857,2,4,6,4,4,2,0
4,1,41,1,7,5,1,1,2238,1,3,0,9,2,933,2,3,0,2,1,3,0
0,3,19,0,1,1,2,0,1483,2,3,0,3,2,1181,3,2,0,1,1,3,0
13,3,40,2,20,20,0,1,5605,2,3,0,26,6,1395,2,2,7,1,2,3,0
6,2,35,0,10,10,1,2,7295,2,3,0,1,7,662,3,3,8,1,3,3,0
5,2,53,4,13,7,1,1,2306,3,3,1,6,8,1436,3,2,7,2,2,1,0
15,1,45,0,20,17,0,1,2348,2,3,0,9,2,194,2,2,9,8,2,1,0
7,2,32,3,9,9,2,0,8998,4,3,0,8,7,967,2,2,8,1,3,3,0
9,5,29,0,10,10,1,1,4319,3,3,0,1,4,1496,1,4,7,1,2,3,0
0,3,51,0,10,1,1,0,6132,3,2,0,7,4,1169,2,2,0,2,2,3,0
0,3,58,0,9,1,1,1,3346,2,2,1,9,6,1145,3,2,0,4,1,2,0
11,2,40,2,15,12,1,1,10855,4,2,0,4,7,630,2,3,11,7,3,2,0
2,2,34,1,6,4,1,1,2231,3,3,0,2,8,303,3,3,3,6,1,3,0
2,3,22,2,2,2,1,2,2323,4,3,0,19,6,1256,6,3,2,1,1,3,0
2,3,27,2,6,2,0,1,2024,2,3,0,9,6,691,1,4,2,6,1,1,0
2,3,28,0,5,5,1,1,2713,4,3,0,21,6,440,2,3,2,1,1,1,0
4,1,57,1,12,5,0,1,9439,4,4,1,24,0,334,2,3,3,3,3,1,0
1,3,27,0,1,1,0,1,2566,3,2,1,3,6,1450,2,3,1,1,1,2,0
4,1,50,4,21,5,2,0,19926,2,3,0,11,3,1452,5,3,4,3,5,3,0
8,1,41,1,13,9,0,1,2451,3,3,0,14,6,465,2,1,8,4,1,3,0
4,1,30,7,12,10,1,1,9419,4,3,0,5,7,1339,2,2,9,2,3,3,0
7,1,38,0,12,8,2,0,8686,4,2,0,1,7,702,2,1,3,4,2,4,0
4,1,32,1,8,5,2,0,3038,3,3,0,6,6,120,2,3,4,3,1,3,0
1,5,27,1,6,5,1,1,3058,2,3,1,17,6,1157,3,3,2,0,1,2,0
0,5,19,0,1,0,2,0,2325,1,1,0,1,8,602,5,3,0,0,1,4,1
2,3,36,7,13,8,2,0,2088,2,3,0,3,2,1480,3,4,7,4,1,2,0
10,3,30,6,12,12,0,2,3072,1,3,0,9,2,111,4,3,9,1,2,3,0
3,1,45,0,9,5,0,1,5006,1,3,1,4,7,1268,3,3,4,4,2,4,0
2,1,56,2,19,2,0,1,4257,1,3,1,8,6,713,3,3,2,4,1,3,0
2,1,33,0,4,3,2,0,2500,4,3,0,2,6,134,2,3,1,0,1,4,0
0,1,19,1,1,1,2,0,1102,4,2,0,2,2,303,3,2,0,1,1,2,1
7,2,46,15,24,24,0,3,10453,1,3,0,1,7,526,2,2,13,1,3,3,0
1,1,38,2,2,2,2,0,2288,4,3,0,9,2,1380,3,3,2,1,1,3,0
2,3,31,0,7,4,1,1,3929,4,3,1,12,6,140,0,3,2,8,1,3,0
2,3,34,1,9,3,2,0,2311,2,3,0,27,6,629,3,4,2,2,1,3,0
2,2,41,0,4,4,2,0,3140,2,3,1,20,8,1356,5,2,3,1,1,2,1
2,3,50,0,5,3,1,1,3690,3,2,0,1,2,328,2,3,2,2,1,2,0
3,3,53,1,5,4,0,2,4450,1,4,0,13,4,1084,3,4,2,1,2,3,0
6,3,33,1,8,8,1,1,2756,2,3,0,14,6,931,5,4,7,1,1,3,0
9,3,40,9,21,20,1,1,19033,3,3,0,4,3,989,2,4,8,1,5,3,0
15,3,55,2,36,24,2,0,18722,2,4,0,14,5,692,3,3,15,8,5,3,0
9,1,34,1,10,10,1,0,9547,3,2,0,2,4,1069,2,4,9,1,2,2,0
0,3,51,1,21,7,2,0,13734,2,3,0,3,0,313,6,4,7,3,4,3,0
9,1,52,11,34,33,1,1,19999,3,2,0,1,3,699,5,3,18,0,5,3,0
3,3,27,0,7,7,2,0,2279,2,3,0,9,6,894,2,4,7,1,1,2,0
1,1,35,0,8,1,1,0,5916,3,2,1,23,4,556,1,2,0,3,2,3,1
2,3,43,2,7,5,0,3,2089,4,4,0,7,6,1344,3,4,4,4,1,4,0
8,3,45,11,22,20,1,1,16792,4,2,0,2,3,1195,1,1,8,9,4,3,0
7,1,37,1,8,8,1,1,3564,1,4,1,21,6,290,3,2,7,1,1,2,0
2,3,35,1,10,6,2,0,4425,2,3,0,2,2,138,5,2,2,5,2,3,0
2,3,42,0,11,5,0,1,5265,3,3,0,21,4,926,5,3,3,2,2,3,0
0,1,38,0,14,1,1,0,6553,3,3,0,2,4,1261,3,4,0,9,2,3,0
7,5,38,1,9,7,1,1,6261,4,3,0,29,4,1084,3,4,7,3,2,1,0
0,5,27,2,6,2,1,1,4298,1,2,0,1,4,472,1,3,2,5,2,3,0
7,1,49,1,7,7,0,2,6804,4,3,1,18,4,1002,0,4,7,1,2,3,0
0,3,34,2,5,5,0,1,3815,3,3,1,10,6,878,4,4,3,1,1,4,0
7,3,40,3,15,7,1,1,2741,4,3,1,19,2,905,2,3,2,8,2,4,0
0,3,38,0,17,1,1,0,6673,1,3,1,29,0,1180,2,2,0,7,2,3,1
9,2,29,1,10,10,1,3,7639,4,3,0,27,7,121,3,2,4,1,3,2,1
2,1,22,2,4,4,0,1,2328,2,4,1,5,6,1136,2,4,2,1,1,2,0
7,3,36,1,8,8,2,0,2153,4,3,0,18,2,635,2,2,1,1,1,3,0
2,1,40,0,5,3,1,1,4876,4,2,0,9,0,1151,5,4,2,9,2,1,0
3,3,46,0,17,4,0,1,9396,1,3,0,1,0,644,3,4,2,7,3,3,0
8,3,32,9,14,14,1,0,10400,4,1,0,4,7,1045,2,4,8,1,3,2,1
8,1,30,5,12,11,2,0,8474,3,2,0,1,4,829,2,3,8,1,3,3,0
7,1,27,0,7,7,2,0,9981,3,3,0,20,7,1242,2,4,7,1,2,3,0
7,1,51,4,16,10,1,2,12490,2,2,0,8,5,1469,5,2,9,5,3,1,0
4,5,30,0,8,5,2,0,2657,1,3,1,3,6,1005,5,4,2,5,1,3,1
0,1,41,0,16,1,2,0,13591,4,3,1,6,3,896,3,4,0,3,3,3,0
1,2,30,0,9,6,2,0,6696,1,2,0,26,7,334,5,3,3,5,2,2,1
5,5,29,1,7,6,2,0,2058,3,3,0,1,6,992,1,3,2,0,1,2,1
8,3,45,12,23,19,2,0,8865,4,2,0,6,7,1052,2,4,7,6,3,3,0
5,2,54,0,16,6,1,1,5940,1,3,0,3,7,1147,4,4,2,2,2,3,0
7,1,36,3,16,13,2,0,5914,2,3,0,5,2,1396,3,4,11,8,2,4,0
1,3,33,1,7,3,1,0,2622,2,2,0,4,6,147,3,3,2,6,1,3,0
7,4,37,0,10,10,0,3,12185,4,3,1,11,5,663,1,2,8,1,3,3,0
13,1,38,5,17,16,0,2,10609,3,3,0,3,7,119,6,1,10,0,3,2,0
4,3,31,1,6,5,1,1,4345,3,1,0,1,4,979,2,3,4,0,2,3,0
0,1,59,0,7,1,1,1,2177,4,2,0,3,6,142,6,3,0,3,1,3,0
8,2,37,5,13,9,0,1,2793,4,3,0,4,8,319,2,1,8,4,1,3,0
1,3,29,4,11,11,1,1,7918,4,3,0,1,7,1413,5,2,10,1,3,3,0
8,2,35,0,10,10,2,0,8789,3,3,0,1,7,944,3,3,7,1,3,4,0
1,3,29,0,4,4,2,0,2389,4,2,1,18,6,896,3,3,3,1,1,2,1
2,1,52,2,6,2,2,0,3212,4,2,0,2,2,1323,3,3,2,7,1,2,0
15,5,42,11,22,22,1,0,19232,4,3,0,4,3,532,3,3,17,1,5,3,0
2,3,59,2,7,2,1,0,2267,3,3,0,6,1,818,2,2,2,8,1,2,0
6,3,50,0,32,7,0,1,19517,4,3,0,1,3,854,3,4,0,3,5,2,0
4,3,33,0,8,5,1,1,2436,4,3,1,14,2,813,2,3,4,5,1,1,1
9,2,43,1,22,17,1,1,16064,4,3,1,16,3,1034,3,4,13,5,4,3,0
7,1,33,1,13,9,1,0,2707,1,3,0,2,2,465,3,1,7,7,1,4,1
12,1,52,15,33,33,2,0,19068,3,2,1,2,3,771,2,1,7,1,5,4,0
2,1,32,1,6,4,1,1,3931,2,3,0,4,8,1401,5,3,3,2,1,3,0
2,1,32,1,4,3,2,0,3730,3,2,1,1,2,515,2,4,2,0,1,1,1
2,3,39,1,7,3,0,3,2232,3,3,0,1,2,1431,1,3,2,7,1,3,0
2,2,32,2,4,3,1,0,4465,4,3,0,26,7,976,2,3,2,0,2,3,0
0,1,41,0,17,1,0,2,3072,1,3,0,19,6,1411,2,3,0,2,2,2,0
7,5,40,4,9,9,0,2,3319,4,3,0,24,6,1300,3,1,8,1,2,3,0
7,4,45,1,25,24,1,1,19202,4,4,0,1,3,252,2,3,0,0,5,3,0
2,3,31,2,9,2,0,1,13675,3,3,0,3,5,1327,3,2,2,9,3,3,0
2,1,33,0,2,2,1,1,2911,4,2,0,5,6,832,2,3,2,1,1,2,0
9,1,34,5,13,11,1,1,5957,1,2,0,2,4,470,3,4,9,6,2,3,0
2,3,37,0,17,3,1,1,3920,1,2,0,1,6,1017,2,3,1,2,1,2,0
2,1,45,0,9,3,1,1,6434,3,4,0,7,4,1199,1,1,2,4,2,3,0
0,3,37,0,17,1,0,2,10048,3,3,0,10,4,504,5,1,0,6,3,3,1
8,5,39,11,20,19,2,0,10938,3,3,0,2,0,505,1,3,6,0,3,3,0
5,1,29,1,6,6,2,0,2340,4,3,0,15,6,665,1,3,5,1,1,3,0
2,1,42,0,10,3,2,0,6545,1,4,1,17,6,916,1,4,2,3,2,3,0
2,2,29,0,10,3,0,1,6931,4,3,0,20,7,1247,2,4,2,2,2,3,0
2,1,25,1,5,4,1,2,4898,3,3,0,1,4,685,3,1,2,0,2,3,0
8,3,42,7,10,9,0,1,2593,1,2,1,2,2,269,4,4,6,0,1,3,0
9,3,40,3,22,21,0,1,19436,3,3,0,2,5,1416,5,1,7,0,5,3,0
0,1,51,0,1,1,1,0,2723,4,3,0,1,6,833,0,3,0,1,1,2,0
4,3,31,1,6,5,2,0,3479,2,2,0,29,2,307,2,3,4,0,1,4,1
3,1,32,0,5,5,1,0,2794,2,4,0,7,2,1311,3,2,1,1,1,1,0
5,1,38,7,13,8,1,1,5249,4,2,0,2,7,1327,0,4,7,3,2,3,0
4,5,32,0,9,6,2,0,2176,1,2,0,2,2,128,5,4,2,4,2,3,0
7,5,46,7,28,7,1,1,16872,2,1,1,2,3,488,2,3,7,3,4,2,0
0,1,28,0,5,0,2,0,3485,3,3,0,2,2,529,5,1,0,2,1,1,1
0,3,29,0,10,0,1,2,6644,2,2,0,2,7,1210,2,1,0,2,2,3,0
8,3,31,7,10,9,1,1,5582,4,2,0,23,0,1463,2,2,0,0,2,3,0
5,1,25,1,6,6,0,2,4000,1,4,0,5,0,675,2,2,3,1,2,3,0
10,3,45,4,21,20,1,0,13496,4,3,1,20,0,1385,2,3,7,0,4,3,0
11,1,36,10,16,15,1,1,3210,4,3,0,6,2,1403,4,4,13,0,1,3,0
13,3,55,4,37,36,2,0,19045,1,3,1,1,3,452,2,4,10,0,5,3,0
9,1,47,9,10,10,1,1,11849,2,3,1,29,3,666,2,1,7,1,3,2,1
4,3,28,0,5,5,1,1,2070,4,3,0,9,6,1158,3,4,2,1,1,2,0
1,3,37,0,7,5,1,1,6502,4,3,0,6,7,228,5,3,4,4,2,4,0
0,3,21,1,3,3,2,0,3230,3,2,0,3,6,996,4,4,2,1,1,4,0
2,3,37,0,15,5,0,2,13603,4,3,1,1,5,728,2,1,2,2,3,3,0
2,1,35,6,10,7,0,1,11996,2,4,0,22,3,1315,6,2,7,7,3,2,0
7,3,38,7,8,8,0,1,5605,1,4,1,7,7,322,3,1,0,1,2,3,0
4,1,26,1,6,6,0,1,6397,2,3,0,1,4,1479,6,3,5,1,2,1,0
6,1,50,1,28,10,0,2,19144,2,3,0,4,5,797,4,1,4,3,5,2,0
3,3,53,1,21,5,1,3,17584,3,3,1,3,5,1070,5,3,3,3,4,2,0
6,1,42,11,20,20,1,0,4907,3,3,0,1,7,635,3,2,16,1,2,3,0
9,1,29,0,10,10,2,0,4554,4,3,0,2,7,442,3,2,7,1,2,2,0
8,5,55,0,12,10,1,1,5415,4,3,1,20,2,147,4,2,7,3,2,3,0
3,3,26,3,5,5,1,1,4741,1,3,1,11,0,496,3,1,3,1,2,3,0
7,1,37,5,17,17,2,0,2115,4,3,0,1,6,1372,3,4,12,1,1,3,0
0,1,44,0,19,1,0,1,3161,3,3,1,24,2,920,0,4,0,3,1,1,1
2,1,38,1,10,2,0,1,5745,4,3,0,23,0,688,2,4,2,9,2,3,0
2,3,26,0,5,3,0,1,2373,2,3,1,16,2,1449,2,1,2,2,1,3,1
2,1,28,0,5,5,2,0,3310,4,3,0,8,6,1117,3,4,3,1,1,3,0
2,1,49,1,22,3,2,0,18665,1,3,1,10,5,636,4,3,2,9,5,3,0
7,5,36,7,10,8,2,0,4485,2,3,0,3,6,506,2,3,0,4,2,3,0
2,2,31,2,2,2,0,1,2789,2,3,0,5,8,444,5,4,2,1,1,2,0
4,2,26,7,8,8,2,0,5828,4,2,1,4,7,950,0,4,7,1,2,3,1
2,3,37,1,4,4,1,3,2326,4,3,1,9,6,889,3,2,2,1,1,2,0
8,2,42,4,23,20,1,1,13525,2,3,0,26,7,555,2,3,4,5,4,4,0
0,1,18,0,0,0,2,0,1420,3,3,0,3,2,230,2,3,0,1,1,3,1
9,2,35,6,12,11,1,2,8020,2,3,0,16,7,1232,3,3,9,0,3,2,0
0,1,36,0,4,1,1,2,3688,4,4,0,18,2,566,2,3,0,4,1,3,0
2,3,51,1,13,4,0,1,5482,2,1,0,2,4,1302,3,4,1,5,2,3,0
4,1,41,0,22,22,2,0,16015,2,3,0,2,3,334,2,4,10,1,4,3,0
0,3,18,0,0,0,2,0,1200,3,2,0,10,8,812,2,4,0,1,1,3,0
7,3,28,0,9,8,2,0,5661,1,4,0,16,0,1476,2,2,3,0,2,3,0
7,5,31,7,10,8,1,1,6929,4,4,0,7,7,218,3,2,7,4,2,2,0
7,3,39,3,19,18,0,3,9613,4,4,0,1,0,1132,5,3,10,0,3,2,0
8,1,36,0,11,9,1,1,5674,2,3,0,24,2,1105,3,2,8,7,2,3,0
8,1,32,4,13,13,1,1,5484,3,2,0,7,7,906,3,4,8,1,2,2,0
1,1,38,0,19,10,1,1,12061,2,2,0,25,5,849,2,1,8,3,3,3,0
2,1,58,1,12,5,0,1,5660,3,1,1,1,0,390,2,4,3,2,2,3,0
3,5,31,0,6,5,1,1,4821,4,3,1,5,6,691,4,3,2,0,1,3,0
0,0,31,1,9,2,1,0,6410,1,2,0,2,1,106,1,1,2,3,2,3,0
11,1,45,9,24,24,0,1,5210,1,3,0,7,2,1249,2,1,9,1,3,3,0
2,1,31,2,3,2,0,1,2695,4,3,1,2,6,192,2,3,2,0,1,1,0
8,1,33,8,12,10,1,2,11878,2,3,0,5,3,553,2,4,6,6,3,3,0
10,3,39,11,21,21,1,0,17068,1,3,1,10,3,117,3,3,9,1,4,3,0
7,1,43,1,9,8,2,0,2455,4,3,0,10,2,185,5,3,7,0,1,3,0
7,5,49,0,25,7,2,0,13964,3,2,1,1,0,1091,2,3,1,7,4,3,0
7,3,52,7,11,8,1,0,4941,2,2,0,8,6,723,3,3,2,2,2,2,1
2,1,27,1,4,4,2,0,2478,2,3,1,5,6,1220,2,3,3,1,1,2,0
9,5,32,11,13,13,1,0,5228,2,2,1,8,7,588,2,3,12,1,2,3,0
4,1,27,0,5,5,2,0,4478,3,3,1,2,7,1377,3,4,4,1,2,3,0
7,2,31,1,13,7,0,3,7547,4,3,0,7,7,691,3,4,7,4,2,3,0
7,3,32,0,10,7,2,0,5055,4,4,0,2,6,1018,0,1,7,7,2,2,0
2,3,28,2,5,3,1,0,3464,4,1,1,2,6,1157,4,1,2,5,1,2,1
9,3,30,1,11,10,1,2,5775,4,3,0,28,6,1275,2,4,8,1,2,3,0
9,1,31,8,10,10,1,1,8943,3,2,0,7,4,798,2,3,9,1,3,3,0
3,3,39,13,21,21,1,1,19272,4,2,0,7,3,672,2,3,9,1,5,3,0
0,3,39,0,12,1,1,0,5238,3,3,1,3,7,1162,3,4,0,4,2,2,1
1,2,33,0,9,7,2,0,4682,4,2,0,10,7,508,6,2,7,3,2,2,0
1,1,47,1,21,3,1,1,18300,3,3,0,5,5,1482,2,4,2,4,5,3,0
0,1,43,0,9,9,0,1,5257,3,2,0,10,2,559,3,3,7,1,2,4,0
4,2,27,1,6,5,1,1,6349,2,3,1,1,7,210,0,3,4,0,2,3,0
3,1,54,0,20,4,2,0,4869,3,3,0,20,6,928,4,4,3,3,2,2,0
0,1,43,0,10,1,1,1,9985,1,3,0,7,0,1001,1,3,0,8,3,2,0
8,4,45,9,12,10,1,2,3697,4,3,0,8,6,549,3,4,9,9,2,3,0
2,3,40,0,6,4,1,3,7457,4,1,1,1,7,1124,2,2,3,2,2,2,0
7,4,29,0,7,7,1,0,2119,1,1,1,8,2,318,4,2,7,1,1,2,1
2,4,29,2,4,3,2,0,3983,4,2,0,9,2,738,2,2,2,0,1,3,0
2,2,30,1,10,10,0,3,6118,3,2,0,5,7,570,2,4,9,1,2,3,0
7,2,27,0,8,8,1,1,6214,2,3,0,8,7,1130,3,2,7,1,2,3,0
4,3,37,0,8,6,0,2,6347,4,3,0,5,4,1192,2,4,2,7,2,2,0
9,1,38,2,12,11,0,1,11510,4,2,1,15,5,343,3,3,10,0,3,3,0
10,3,31,4,11,11,2,0,7143,4,3,1,7,4,1232,2,3,9,1,3,2,0
7,2,29,1,7,7,0,2,8268,2,2,1,10,7,144,2,4,7,1,2,3,0
13,5,35,0,17,16,2,0,8095,2,3,0,5,4,1296,5,3,6,0,3,3,0
2,1,23,0,4,4,0,2,2904,4,3,0,26,6,1309,2,3,2,1,1,2,0
2,3,41,1,8,5,2,0,6032,2,2,1,6,4,483,3,4,4,6,2,3,0
0,3,47,0,5,0,2,0,2976,3,3,0,4,8,1309,3,2,0,3,2,3,0
0,1,42,0,16,1,2,0,15992,4,3,0,23,5,810,2,1,0,2,4,3,0
2,1,29,0,4,4,1,1,4649,3,3,0,2,7,746,3,4,3,1,2,2,0
0,5,42,1,4,3,0,1,2696,3,3,1,2,1,544,5,3,2,0,1,3,0
7,3,32,0,8,8,1,1,2370,2,3,0,2,2,1062,4,3,0,1,1,3,0
0,3,48,0,15,0,1,1,12504,3,3,0,29,3,530,3,1,0,3,3,1,0
7,3,37,6,13,7,0,2,5974,1,4,1,6,6,1319,2,3,7,4,2,3,0
2,5,30,2,4,2,1,1,4736,3,3,1,25,7,641,2,4,2,7,2,4,0
7,1,26,7,8,8,1,1,5296,3,3,0,1,7,933,3,3,7,1,2,3,0
0,4,42,0,14,1,2,0,6781,4,2,0,2,0,1332,6,1,0,3,2,3,0
2,5,21,1,3,3,2,0,2174,2,2,1,1,8,756,3,1,2,1,1,3,1
0,3,36,0,7,1,2,0,6653,4,3,0,1,7,845,6,4,0,4,2,3,0
12,3,36,1,16,13,1,1,9699,4,2,0,3,7,541,2,1,9,4,3,3,0
2,3,57,1,15,3,1,0,6755,3,3,0,1,0,593,2,4,2,2,2,3,0
7,1,40,1,10,7,1,1,2213,3,4,1,10,2,1171,3,4,7,3,1,3,0
2,3,21,2,3,3,2,0,2610,4,3,0,9,8,895,3,1,2,1,1,2,0
0,2,33,0,1,1,2,0,2851,3,3,1,5,8,350,2,4,0,1,1,3,1
3,3,37,0,17,5,1,1,3452,1,3,0,10,2,921,3,3,4,6,1,3,0
0,3,46,0,7,1,1,0,5258,3,3,0,7,4,1144,2,3,0,2,2,4,0
7,2,41,7,8,8,2,0,9355,2,3,0,4,7,143,5,1,7,1,2,3,1
3,5,50,1,20,4,2,0,10496,4,2,0,10,0,1046,2,4,3,6,3,3,0
0,2,40,1,8,6,1,2,6380,3,2,1,22,7,575,6,3,4,2,2,3,1
2,1,31,2,3,2,2,0,2657,2,2,1,9,6,408,5,3,2,0,1,3,0
0,1,21,0,1,1,2,0,2716,2,4,0,12,8,156,0,3,0,1,1,3,1
2,1,29,1,6,3,2,0,2201,4,3,0,23,6,1283,4,4,2,9,1,3,0
0,1,35,0,10,1,2,0,6540,2,2,0,9,0,755,5,3,1,9,2,3,0
4,3,27,0,5,5,0,1,3816,2,3,0,1,2,1469,2,4,2,1,1,3,0
7,1,28,0,7,7,2,0,5253,4,3,0,9,7,304,1,2,5,1,2,3,0
0,4,49,0,26,5,2,0,10965,3,2,0,7,0,1261,2,2,2,8,3,3,0
7,1,51,0,18,7,1,1,4936,4,3,0,14,7,1178,2,3,7,4,2,2,0
2,1,36,2,6,2,1,1,2543,3,3,0,2,6,329,3,4,2,4,1,3,0
4,2,34,0,9,5,2,0,5304,4,4,1,19,7,1362,3,1,2,8,2,2,1
2,1,55,1,30,5,2,0,16659,4,3,1,2,3,1311,2,3,4,2,4,3,0
3,2,24,0,5,5,0,1,4260,3,3,1,10,7,1371,2,4,2,1,2,4,0
0,5,30,0,1,1,1,1,2476,2,3,0,2,8,202,3,3,0,1,1,3,0
4,5,26,0,7,6,2,0,3102,1,3,0,3,6,575,2,3,4,0,1,3,1
2,3,22,1,2,2,1,1,2244,2,3,0,11,6,253,1,1,1,1,1,3,0
0,3,36,9,10,10,1,2,7596,3,2,0,2,7,164,2,2,9,1,3,3,0
0,5,30,0,3,1,2,0,2285,4,3,1,4,6,464,4,3,0,9,1,3,1
17,1,37,12,18,18,0,1,3034,1,3,0,14,2,1107,2,4,7,1,1,2,0
3,2,40,1,8,5,0,2,5715,2,3,0,2,7,759,5,4,4,7,2,3,0
2,1,42,1,8,5,0,1,2576,1,3,0,1,2,201,5,2,2,3,1,3,0
1,1,37,0,18,1,2,0,4197,2,3,1,10,4,1305,2,3,0,2,2,2,0
9,1,43,3,25,25,0,1,14336,2,2,0,12,5,982,3,1,10,1,4,3,0
0,3,40,0,20,1,1,1,3448,3,2,0,2,2,555,3,2,0,6,2,3,0
2,3,54,1,24,4,1,1,19406,1,3,0,5,5,821,4,1,2,4,5,2,0
2,2,34,1,6,3,1,1,6538,3,3,0,4,7,1381,3,3,2,9,2,3,0
12,3,31,3,13,13,1,1,4306,1,3,0,7,4,480,5,2,10,1,2,1,0
2,3,43,1,8,3,1,1,2258,4,3,0,21,2,313,1,4,2,7,1,3,0
2,4,43,0,8,5,0,0,4522,3,3,1,8,0,1473,3,3,2,4,2,3,0
3,1,25,1,5,5,2,0,4487,4,2,1,4,7,891,3,2,4,1,2,3,0
7,3,37,10,15,13,1,2,4449,3,3,1,25,6,1063,2,2,11,3,2,3,0
2,1,31,3,4,4,1,1,2218,1,2,0,1,2,329,3,4,2,1,1,3,0
6,1,39,1,21,21,0,1,19197,3,3,1,1,3,1218,3,2,8,1,5,3,0
7,1,56,7,36,7,1,3,13212,1,4,0,6,7,906,0,3,7,9,4,2,0
4,5,30,4,6,5,2,0,6577,3,3,0,12,7,1082,6,2,4,0,2,3,0
7,2,41,0,10,10,1,1,8392,1,4,0,1,7,645,2,2,7,1,3,3,0
8,3,28,1,10,10,0,1,4558,1,3,0,17,2,1300,2,3,0,1,2,3,0
2,3,25,0,6,2,1,1,4031,1,3,0,3,2,688,5,1,2,5,1,3,1
4,3,52,0,28,5,1,0,7969,3,2,1,3,4,319,4,4,4,2,3,3,0
2,1,45,0,8,2,1,2,2654,4,3,0,10,6,192,3,1,2,3,1,2,0
4,1,52,1,31,5,1,0,16555,4,3,0,4,3,1490,2,4,2,2,4,1,0
2,1,42,0,19,5,0,1,4556,3,3,0,29,6,532,3,1,4,2,2,3,0
2,1,30,0,11,5,2,0,6091,4,1,0,2,4,317,2,3,4,2,2,3,0
10,1,60,11,33,29,1,0,19566,1,3,0,7,3,422,5,1,8,5,5,1,0
8,3,46,0,19,10,0,1,4810,3,3,0,18,4,1485,5,3,7,2,2,2,0
4,5,42,0,7,6,1,3,4523,4,2,0,28,0,1368,4,4,5,0,2,4,0
4,5,24,1,6,5,2,0,3202,2,3,1,1,8,1448,4,1,3,1,1,3,1
0,2,34,1,3,2,0,1,2351,3,1,0,6,8,296,3,4,2,0,1,2,1
0,1,38,0,1,1,1,1,1702,4,3,1,2,2,1490,3,4,0,1,1,3,0
12,1,40,1,21,20,1,0,18041,3,3,0,2,3,1398,2,3,15,0,5,3,0
2,1,26,0,3,3,0,2,2886,4,3,0,23,6,1349,3,1,2,1,1,1,0
4,1,30,1,9,5,1,1,2097,4,3,0,3,2,1400,3,3,3,4,1,1,0
7,3,29,0,10,10,1,0,11935,3,2,0,3,5,986,2,2,2,1,3,3,0
1,5,29,1,6,2,1,0,2546,2,2,0,25,6,408,2,3,2,5,1,4,1
0,5,19,0,1,1,2,0,2564,4,2,0,2,1,489,3,1,0,1,1,4,1
8,4,30,7,10,9,1,0,8412,1,3,0,22,7,1398,3,3,8,0,3,3,0
0,2,57,0,32,1,0,1,14118,4,2,0,29,3,210,3,1,0,3,4,2,0
7,1,50,15,28,27,1,1,17046,3,2,0,29,3,1099,2,2,10,0,4,3,0
7,3,30,6,12,11,2,0,2564,4,3,0,2,2,1116,2,3,7,0,1,2,0
11,2,60,13,22,18,1,0,10266,1,2,0,28,7,1499,5,3,13,4,3,4,0
4,3,47,0,20,5,0,3,5070,4,3,0,2,4,983,2,1,0,5,2,3,0
1,1,46,0,26,3,1,0,17861,3,3,0,2,5,1009,2,1,2,6,4,1,0
3,1,35,4,6,5,2,0,4230,3,1,0,22,2,144,2,4,4,0,1,3,0
0,1,54,0,19,1,2,0,3780,3,3,0,8,2,548,3,3,0,7,2,3,0
7,1,34,5,14,7,0,1,2768,3,2,0,2,6,1303,3,4,3,3,1,3,0
2,2,46,1,15,3,1,1,9071,4,2,1,10,7,1125,3,3,2,2,3,3,0
8,1,31,0,13,13,0,1,10648,2,3,0,9,4,1274,6,3,8,1,3,4,0
7,3,33,7,15,7,1,0,13610,3,3,1,15,3,1277,2,2,6,7,3,4,1
3,3,33,1,8,4,0,3,3408,4,1,0,10,2,587,2,1,3,7,1,3,1
2,2,30,1,4,3,2,0,2983,2,3,0,7,8,413,3,4,2,0,1,3,0
0,1,35,0,10,8,1,0,7632,3,3,1,16,0,1276,2,4,7,4,3,3,0
0,1,31,0,12,1,1,0,9824,3,3,0,20,0,534,2,1,0,3,3,3,1
2,0,34,0,11,3,0,3,9950,1,3,1,23,1,988,2,2,2,9,3,3,1
0,4,42,2,8,2,1,1,2093,3,3,0,5,2,1474,4,2,2,4,1,3,0
7,3,36,9,10,10,2,0,9980,4,3,0,10,7,635,3,2,3,1,3,2,0
2,5,22,1,4,2,2,0,3894,3,2,0,4,2,1368,3,3,2,5,1,3,1
7,2,48,6,14,9,1,1,4051,4,3,0,2,7,163,2,2,7,2,2,3,0
7,1,55,7,37,10,2,0,16835,2,3,0,18,3,1117,2,1,9,3,4,3,0
10,1,41,1,16,14,2,0,6230,4,3,0,10,7,267,3,4,3,7,2,3,0
9,2,35,6,15,11,1,0,4717,3,3,0,1,7,619,2,2,9,9,2,3,0
13,1,40,5,22,20,2,0,13237,3,3,0,6,4,302,3,2,6,7,4,3,0
7,1,39,0,8,8,1,1,3755,3,3,0,8,2,443,3,3,3,1,1,3,0
5,1,31,0,10,6,2,0,6582,4,3,1,2,7,828,2,2,5,4,2,4,0
8,3,42,5,10,10,1,1,7406,1,3,1,24,4,319,5,4,9,1,3,2,0
7,4,45,3,9,8,1,1,4805,2,3,0,2,7,561,3,4,7,0,2,4,0
0,1,26,1,8,7,0,1,2741,3,3,1,17,1,426,2,2,7,0,1,2,1
2,5,29,1,8,3,0,2,4262,4,3,0,19,4,232,2,4,2,4,2,4,0
5,3,33,0,10,6,0,1,16184,3,4,0,1,5,922,2,1,1,4,4,3,0
1,1,31,0,10,5,0,1,11557,4,2,0,7,3,688,3,3,4,9,3,2,0
0,2,18,0,0,0,2,0,1878,2,3,1,5,8,1306,3,2,0,1,1,3,1
1,4,40,0,20,1,0,1,10932,1,1,0,28,7,1094,2,3,0,3,3,3,0
7,4,41,0,10,8,2,0,6811,3,2,1,2,0,509,3,1,7,2,2,3,0
0,3,26,0,8,0,0,2,4306,3,3,0,29,7,775,5,1,0,5,2,3,0
3,3,35,0,5,5,2,0,4859,3,3,0,1,7,195,3,1,4,1,2,3,0
7,1,34,5,10,10,2,0,5337,4,4,0,21,7,258,3,4,7,1,2,3,0
0,5,26,0,1,1,2,0,2340,4,1,1,24,2,471,3,3,0,1,1,1,1
2,5,37,1,12,6,2,0,7491,4,3,0,1,4,799,3,2,5,4,3,4,0
2,3,46,1,28,2,1,0,10527,3,3,0,18,0,1034,3,1,2,5,3,2,0
8,1,41,11,22,18,1,1,16595,1,3,0,2,3,1276,2,2,16,7,4,3,0
7,3,37,7,9,9,0,1,8834,2,3,0,9,7,142,6,1,5,1,3,3,0
9,5,52,6,18,10,0,2,5577,1,3,1,6,6,956,3,4,9,3,2,3,0
2,4,32,1,6,4,1,0,4707,3,4,0,11,7,1474,2,4,2,8,2,3,1
1,3,24,2,3,2,1,2,2400,4,3,0,24,8,535,3,4,2,0,1,3,0
0,3,38,0,18,1,1,1,9824,3,3,0,10,0,1495,4,3,0,3,2,3,0
3,1,37,4,8,6,1,1,6447,2,3,0,1,4,446,2,2,5,6,2,2,0
9,1,49,0,31,31,0,1,19502,3,2,1,18,5,1245,5,4,9,1,5,3,0
4,3,24,1,6,6,1,2,2725,4,4,1,23,6,691,3,2,5,1,1,3,0
4,2,26,1,6,5,1,2,6272,2,3,0,28,7,703,5,1,3,1,2,4,0
0,4,24,0,1,1,1,1,2127,2,2,0,17,2,823,2,4,0,1,1,3,0
7,3,50,10,32,32,1,1,18200,2,3,0,3,3,1246,2,1,5,1,5,3,0
6,3,25,0,7,7,1,0,2096,3,3,0,13,8,622,1,2,4,1,1,3,0
2,1,24,1,6,6,1,1,2886,3,3,1,7,2,1287,4,1,3,1,1,3,1
0,1,30,0,1,1,1,1,2033,1,2,0,12,8,448,2,2,0,1,1,4,1
3,1,34,1,6,6,1,1,3622,4,2,1,1,6,254,3,2,5,1,1,3,0
2,3,31,1,9,3,0,0,4233,1,3,0,13,7,1365,2,2,1,2,2,1,1
2,4,35,0,9,3,2,0,3681,4,2,0,25,2,538,3,1,2,4,2,3,0
7,3,31,5,13,7,0,2,5460,4,4,0,6,7,525,4,1,7,4,2,4,0
3,3,27,0,6,5,0,2,2187,3,2,0,6,6,798,5,1,3,0,1,2,0
0,2,37,1,17,3,1,1,9602,3,3,1,2,7,558,3,4,0,4,2,2,0
0,1,20,0,1,1,2,0,2836,2,2,0,1,6,959,0,4,0,1,1,4,0
2,1,42,2,10,10,1,2,4089,4,3,0,2,0,622,4,3,2,1,2,3,0
0,4,43,0,21,1,0,1,16627,4,2,1,6,5,782,3,2,0,4,4,2,0
0,1,38,0,8,0,2,0,2619,1,3,0,1,6,362,3,3,0,3,1,2,0
7,3,43,4,10,8,0,1,5679,3,3,1,9,2,1001,3,4,7,3,2,3,0
2,1,48,0,21,3,1,1,15402,1,2,0,1,3,1236,3,4,2,7,4,1,0
2,1,44,0,10,2,2,0,5985,3,2,0,1,1,1112,1,1,2,4,2,4,0
6,5,34,0,8,8,0,2,2579,3,3,1,14,8,204,3,3,2,1,1,3,0
2,2,27,0,5,4,0,1,3041,1,3,0,2,8,1420,3,3,3,0,1,3,1
2,5,21,1,3,3,2,0,3447,3,3,0,22,8,1343,2,3,2,1,1,3,0
1,4,44,0,26,2,1,1,19513,4,3,1,3,3,1315,2,4,2,4,5,4,0
2,3,22,2,3,2,1,0,2773,3,3,0,6,6,604,3,1,2,0,1,3,0
2,2,33,1,6,5,0,0,7104,3,3,0,8,7,1216,3,3,0,0,2,3,0
5,1,32,0,6,6,1,1,6322,4,3,1,9,6,646,2,1,4,1,2,2,0
0,3,30,0,1,1,0,1,2083,3,3,0,3,6,160,2,3,0,1,1,3,0
10,3,53,8,18,14,2,0,8381,1,3,0,1,7,238,2,4,7,7,2,4,0
8,1,34,8,10,10,1,1,2691,4,3,0,1,6,1397,4,2,9,1,1,2,0
0,1,45,0,5,1,1,2,4286,1,3,0,26,7,306,4,1,1,2,2,3,1
2,1,26,0,3,3,1,1,2659,4,3,1,6,2,991,2,3,2,1,1,3,0
8,4,37,7,10,10,1,1,9434,3,3,0,3,4,482,2,3,7,1,3,3,0
2,3,29,1,6,6,1,1,5561,3,3,0,3,7,1176,5,2,0,1,2,2,0
8,1,35,11,17,17,2,0,6646,4,1,0,6,6,1017,3,2,11,1,2,3,0
7,1,33,4,15,13,0,1,7725,4,3,0,6,0,1296,2,3,11,3,2,1,0
1,3,54,7,16,9,1,1,10725,2,3,0,19,1,397,1,3,7,2,3,4,0
2,3,36,0,13,3,0,1,8847,2,2,1,9,4,913,2,2,2,2,2,3,0
1,3,27,1,5,4,2,0,2045,4,2,0,3,6,1115,0,1,2,0,1,3,0
1,3,20,1,1,1,2,0,1009,3,3,1,10,6,1362,5,4,0,1,1,3,1
7,1,33,9,10,10,2,0,3348,1,3,1,3,6,1076,3,1,8,1,1,3,1
0,1,35,0,1,1,1,2,1281,3,2,0,3,2,727,3,3,0,1,1,3,0
2,3,23,0,5,3,1,1,2819,1,4,0,4,6,885,3,1,2,2,1,4,0
2,1,25,1,4,3,1,1,4851,2,4,0,8,7,810,4,4,2,0,2,3,0
5,2,38,0,8,7,2,0,4028,4,2,0,7,7,243,2,4,7,0,2,3,0
8,1,29,2,10,10,0,1,2720,4,1,0,1,6,806,5,2,7,1,1,3,0
2,2,48,2,12,2,1,0,8120,2,4,0,2,7,817,3,2,2,3,2,3,0
4,3,27,0,6,6,0,2,4647,4,4,1,3,7,1410,3,4,5,1,2,3,0
0,1,37,0,4,1,2,0,4680,4,4,0,10,6,1225,2,4,0,3,1,3,0
8,3,50,3,20,20,1,3,3221,3,4,1,28,2,1207,3,4,8,1,1,3,0
7,3,34,7,9,8,2,0,8621,2,2,0,9,0,1442,3,4,7,1,3,4,0
0,1,24,2,4,2,2,0,4577,3,3,0,3,7,693,3,1,2,9,2,3,1
10,5,39,11,20,20,2,0,4553,3,2,0,2,0,408,4,4,7,1,2,3,0
8,2,32,0,10,10,2,0,5396,4,3,0,10,7,929,2,4,7,1,2,2,0
3,5,50,1,18,4,1,1,6796,3,3,1,8,7,562,4,2,3,3,2,3,1
8,1,38,1,10,9,2,0,7625,4,4,0,1,0,827,4,2,7,0,2,2,0
7,1,27,0,9,9,1,0,7412,1,3,0,1,4,608,3,3,7,1,3,3,0
7,1,32,7,10,7,2,0,11159,4,3,0,3,5,1018,6,3,7,3,3,3,0
7,2,47,1,20,7,2,0,4960,1,3,0,14,7,703,2,4,7,2,2,3,0
12,1,40,1,20,18,1,1,10475,1,2,1,5,7,580,2,4,13,5,3,3,0
3,1,53,1,32,5,1,0,14814,3,4,0,7,5,970,3,3,1,3,4,3,0
6,0,41,12,23,21,0,3,19141,4,2,0,10,3,427,2,2,6,3,5,2,0
2,2,60,2,10,2,2,0,5405,1,3,0,16,7,1179,1,1,2,8,2,3,0
7,1,27,1,9,9,0,2,8793,1,3,0,10,4,294,4,4,7,1,3,2,0
10,0,41,2,22,22,1,1,19189,3,2,0,1,3,314,3,4,7,1,5,3,0
2,2,50,2,4,2,1,1,3875,2,3,0,8,8,316,2,4,2,7,1,3,0
7,1,28,3,10,7,2,0,2216,2,1,1,1,6,654,4,1,7,7,1,3,1
5,1,36,0,10,8,1,1,11713,1,4,0,8,5,427,2,1,7,9,3,3,0
0,1,38,0,10,1,2,0,7861,3,3,1,1,4,168,4,3,0,4,3,4,0
4,3,44,1,9,5,2,0,3708,3,1,0,24,2,381,5,1,2,2,1,3,0
13,3,47,11,28,22,0,2,13770,3,3,1,3,7,217,2,4,2,9,4,2,0
7,2,30,7,10,8,0,1,5304,4,3,0,27,7,501,2,3,7,7,2,2,0
0,1,29,0,1,1,2,0,2642,3,3,0,10,8,1396,6,3,0,1,1,3,0
2,3,42,2,7,2,0,0,2759,3,4,1,19,6,933,2,3,2,6,1,3,1
2,1,43,2,7,2,1,1,6804,4,2,0,15,7,775,5,4,2,3,2,3,0
3,3,34,4,10,5,2,0,6142,3,3,0,8,0,970,2,2,1,3,2,3,0
2,3,23,0,5,4,1,1,2500,1,3,0,9,2,650,2,2,3,1,1,4,0
6,0,39,3,12,8,1,1,6389,2,4,0,3,1,141,3,3,3,9,2,1,0
1,3,56,1,30,10,1,0,11103,4,3,0,9,0,832,1,3,7,7,4,2,0
3,3,40,2,5,4,2,0,2342,4,2,1,2,6,804,2,4,2,0,1,2,0
7,3,27,0,9,7,2,0,6811,1,2,0,7,0,975,2,4,6,8,2,1,0
2,2,29,2,2,2,0,2,2297,2,3,0,10,8,1090,2,4,2,1,1,3,0
2,1,53,2,19,2,2,0,2450,4,3,0,6,2,346,4,4,2,2,2,3,0
0,1,35,0,16,1,0,1,5093,1,3,0,2,0,1225,2,4,0,2,2,4,0
7,1,32,4,10,10,1,2,5309,4,3,0,24,2,430,2,1,8,1,2,3,0
1,3,38,0,6,1,1,1,3057,3,3,1,2,6,268,0,4,0,6,1,1,0
0,1,34,0,7,0,0,1,5121,1,3,0,8,4,167,3,2,0,3,2,3,0
16,2,52,1,34,34,1,0,16856,1,2,0,3,3,621,3,3,6,1,4,4,0
8,4,33,7,10,10,2,0,2686,4,3,1,1,6,527,2,4,9,1,1,2,1
4,3,25,1,6,6,2,0,6180,4,3,0,26,7,883,5,3,5,1,2,2,0
1,5,45,3,9,8,2,0,6632,3,1,0,2,8,954,3,2,7,0,2,3,0
2,3,23,0,2,2,2,0,3505,3,4,0,10,6,310,3,1,2,1,1,3,0
3,1,47,1,8,5,2,0,6397,3,4,1,27,7,719,2,2,4,4,2,3,1
4,4,34,1,6,6,2,0,6274,4,3,0,2,7,304,5,4,5,1,2,3,0
4,3,55,1,24,5,1,1,19859,1,3,1,2,3,725,2,4,2,5,5,3,1
9,1,36,0,10,10,2,0,7587,1,2,0,8,7,1434,1,1,7,1,3,3,0
2,3,52,1,5,4,1,1,4258,4,3,0,19,6,715,3,4,3,0,1,3,0
0,1,26,2,5,2,0,1,4364,4,1,0,1,2,575,2,1,2,3,1,3,0
1,3,29,1,11,8,1,1,4335,3,3,0,27,0,657,3,2,7,4,2,2,0
2,5,26,1,6,4,2,0,5326,1,2,0,8,7,1146,2,4,3,6,2,2,1
3,1,34,1,10,4,2,0,3280,4,4,0,1,6,182,2,2,2,2,1,3,0
4,3,54,1,9,5,0,2,5485,1,3,1,19,4,376,4,4,3,9,2,3,0
1,2,27,1,5,4,1,1,4342,4,3,0,8,7,829,3,3,2,0,2,3,0
3,1,37,4,6,5,0,2,2782,1,3,1,10,6,571,3,4,3,0,1,2,0
12,1,38,4,17,15,2,0,5980,1,4,1,2,4,240,2,1,7,6,2,3,0
3,3,34,1,6,6,2,0,4381,1,2,0,2,6,121,3,3,5,1,1,3,0
2,1,35,0,3,3,1,1,2572,4,3,0,8,8,384,1,1,2,1,1,2,0
2,1,30,0,7,2,1,2,3833,3,1,0,1,2,921,2,4,2,3,1,3,0
7,3,40,3,8,8,1,1,4244,2,4,0,2,0,791,2,3,7,1,2,3,0
2,1,34,1,6,3,1,1,6500,1,3,0,8,7,1111,1,3,2,5,2,3,0
9,1,42,14,24,24,0,1,18430,4,3,0,8,3,570,4,2,7,1,5,2,0
0,1,23,0,1,0,1,2,1601,1,4,1,6,2,1243,2,3,0,1,1,3,1
0,1,24,0,1,1,0,3,2694,2,2,0,9,2,1092,4,3,0,1,1,3,0
4,1,52,1,9,5,1,1,3149,3,3,0,11,2,1325,3,4,2,8,2,3,0
3,3,50,0,30,4,1,0,17639,3,3,0,2,5,691,3,3,3,5,4,3,0
0,1,29,0,1,1,1,1,2319,1,2,1,1,2,805,1,2,0,1,1,3,1
7,3,33,3,14,13,1,0,11691,3,3,0,7,5,213,3,3,9,0,3,4,0
2,2,33,0,6,3,2,0,5324,1,3,0,16,7,118,3,1,2,5,2,3,1
0,4,47,3,26,26,1,1,16752,4,3,1,2,3,202,3,3,14,1,4,2,0
5,4,36,0,10,9,1,1,5228,2,3,0,1,4,676,2,3,7,0,2,3,0
7,1,29,0,10,10,1,1,2700,3,4,0,23,6,1252,3,3,7,1,1,3,0
8,1,58,13,40,31,2,0,19246,2,3,1,2,5,286,2,4,15,7,5,3,1
2,1,35,2,7,2,2,0,2506,3,4,0,1,6,1258,0,4,2,3,1,3,0
2,1,42,0,8,4,1,1,6062,4,2,1,1,4,932,4,4,3,9,2,3,0
1,3,28,2,5,2,2,0,4382,3,3,0,2,6,890,3,3,2,6,1,2,1
4,0,36,0,8,5,1,1,2143,2,3,0,13,1,1041,2,3,2,4,1,3,0
8,1,32,6,14,14,1,1,6162,3,2,0,4,4,859,3,3,13,1,2,3,0
0,3,40,0,10,1,2,0,5094,3,2,0,16,2,720,6,1,0,6,2,3,0
0,3,30,0,12,0,2,0,6877,4,2,1,2,4,946,4,3,0,5,2,2,0
0,1,45,0,1,1,2,0,2274,3,2,0,2,6,252,3,2,0,1,1,3,0
8,1,42,7,10,9,1,1,4434,2,3,0,29,4,933,3,2,8,1,2,2,0
2,1,38,1,13,4,0,1,6288,1,2,0,12,0,471,3,1,3,2,2,2,0
3,1,34,1,6,5,2,0,2553,4,2,0,16,6,702,3,3,2,1,1,3,0
7,2,49,7,9,9,1,2,7654,4,3,0,11,7,1184,3,3,8,1,3,4,1
3,3,55,7,12,9,2,0,5160,4,3,0,2,7,436,3,3,7,4,2,2,1
0,1,43,1,22,4,1,1,17159,1,3,0,14,5,589,3,2,1,6,4,3,0
8,5,27,0,9,9,0,1,12808,4,2,1,5,5,269,3,3,8,1,3,3,0
6,4,35,1,17,8,2,0,10221,3,3,0,7,4,950,3,3,5,3,3,4,0
5,2,28,7,8,8,1,0,4779,2,3,1,2,7,760,2,2,7,1,2,3,0
2,0,34,0,4,3,1,1,3737,4,3,0,3,1,829,1,3,2,0,1,1,0
7,3,26,1,8,8,1,1,2366,3,2,1,5,6,887,2,3,7,1,1,3,1
0,3,27,0,0,0,1,3,1706,4,3,0,3,6,443,6,4,0,1,1,2,0
17,2,51,4,29,20,1,1,16307,3,3,0,26,3,1318,2,1,6,2,4,2,0
3,3,44,2,10,5,2,0,5933,2,3,0,4,0,625,2,4,2,9,2,2,0
1,3,25,0,6,4,2,0,3424,1,4,0,2,6,180,3,1,3,7,1,2,0
8,3,33,0,9,9,0,1,4037,1,4,0,1,7,586,5,1,8,1,2,3,0
1,3,35,1,6,6,2,0,2559,1,2,0,27,6,1343,3,3,5,1,1,2,0
11,1,36,4,18,18,1,1,6201,4,3,1,1,7,928,1,2,14,1,2,2,0
3,1,32,0,8,5,0,1,4403,4,3,0,13,7,117,3,2,2,2,2,2,0
3,1,30,0,10,5,0,1,3761,4,2,0,5,6,1012,3,2,4,9,1,2,0
4,2,53,0,35,5,1,1,10934,4,2,1,7,7,661,3,1,2,7,3,3,0
2,2,45,0,18,5,0,1,10761,1,3,1,9,7,930,2,4,4,4,3,3,0
3,3,32,1,9,5,1,1,5175,3,4,0,8,6,638,3,3,3,5,2,2,0
0,3,52,0,31,9,1,0,13826,4,2,0,25,4,890,3,3,8,3,4,3,0
0,2,37,0,9,1,0,2,6334,3,2,0,16,7,342,2,4,0,4,2,3,0
4,3,28,0,6,5,0,1,4936,4,2,0,8,1,1169,6,2,1,1,1,3,0
2,1,22,2,4,2,1,2,4775,4,2,0,1,4,1230,2,4,2,6,2,1,0
2,1,44,0,10,3,1,1,2818,4,4,1,8,2,986,2,1,2,2,1,2,0
2,3,42,2,8,2,2,0,2515,4,3,1,2,6,1271,2,2,1,5,1,3,0
3,1,36,0,6,5,1,0,2342,1,2,0,8,1,1278,3,1,4,0,1,3,0
3,4,25,0,5,5,1,0,4194,1,3,1,3,7,141,3,3,3,1,2,3,0
15,1,35,5,17,17,1,1,10685,3,2,1,9,4,607,2,4,14,1,3,3,0
8,1,35,7,10,10,0,1,2022,2,3,1,25,6,130,3,4,2,1,1,2,1
2,1,32,0,4,3,0,1,2314,4,3,0,1,2,300,2,4,0,0,1,3,0
3,2,25,0,5,5,1,0,4256,1,2,0,4,7,583,1,3,2,1,2,4,0
2,5,49,0,7,4,1,1,3580,1,3,0,1,6,1418,2,3,2,2,1,3,0
4,1,24,3,6,5,1,0,3162,4,2,0,4,2,1269,2,1,2,0,1,2,0
3,1,32,5,10,10,1,1,6524,2,3,0,5,7,379,3,2,8,1,2,3,0
2,2,38,1,3,2,1,1,2899,2,2,0,9,8,395,3,2,2,0,1,3,0
3,1,42,1,17,5,1,1,5231,4,4,1,3,2,1265,1,3,3,2,2,2,0
2,1,31,0,8,6,1,1,2356,4,3,1,11,6,1222,2,4,4,3,1,3,0
2,3,29,0,5,3,0,3,2800,3,2,1,1,8,341,3,2,2,6,1,3,1
2,2,53,2,28,2,1,1,11836,4,3,0,8,7,868,3,1,0,5,4,3,0
8,5,35,4,16,13,1,0,10903,2,2,0,25,4,672,2,4,10,3,3,3,0
0,3,37,0,10,5,1,1,2973,4,3,0,21,8,1231,3,3,4,5,1,3,0
8,1,53,3,33,12,2,0,14275,4,3,0,23,5,102,0,4,9,6,4,3,0
2,1,43,2,12,5,1,1,5562,4,3,0,1,0,422,2,4,2,4,2,2,0
7,2,47,7,8,7,1,1,4537,4,3,1,2,7,249,2,3,6,0,2,3,0
9,3,37,0,10,10,2,0,7642,2,3,1,19,7,1252,2,1,0,1,3,3,0
7,1,50,14,31,31,0,1,17924,1,3,0,2,3,881,3,1,6,1,4,3,0
4,1,39,0,13,5,1,2,5204,4,2,0,2,1,1383,2,4,4,8,2,3,0
3,0,33,0,7,4,0,1,2277,2,3,1,3,1,1075,4,4,3,3,1,4,0
1,1,32,0,1,1,2,0,2795,4,3,1,25,2,374,2,1,0,1,1,1,1
3,3,29,0,8,4,0,3,2532,4,2,0,7,2,1086,5,1,3,6,1,3,0
1,1,44,7,8,8,1,0,2559,1,3,1,9,6,661,0,2,7,1,1,3,0
2,3,28,0,4,4,2,0,4908,4,3,0,5,7,821,3,1,2,1,2,3,0
0,1,58,0,3,1,0,1,2380,4,2,1,2,2,781,3,4,0,9,1,2,1
0,1,43,0,4,1,0,1,4765,2,3,0,8,4,177,2,1,0,4,2,4,0
2,3,20,0,2,2,2,0,2044,3,2,0,2,8,500,3,3,2,1,1,2,1
0,4,21,0,1,1,2,0,2693,4,3,0,18,6,1427,3,4,0,1,1,2,1
11,1,36,4,17,16,1,1,6586,4,3,1,14,0,1425,2,3,8,0,2,2,0
2,1,47,1,3,3,2,0,3294,4,2,1,2,8,1454,3,4,2,1,1,2,0
2,1,22,0,4,3,1,1,4171,3,3,1,3,4,617,3,2,2,0,2,4,1
0,1,41,1,10,7,0,1,2778,4,1,1,2,2,1085,1,2,7,4,1,2,1
2,3,28,2,6,2,0,1,2377,3,3,0,9,6,995,2,3,2,5,1,3,0
2,3,39,2,8,2,1,0,2404,1,3,1,6,2,1122,2,4,2,7,1,1,1
0,1,27,0,1,1,2,0,2318,3,3,0,4,6,618,2,2,1,1,1,3,0
0,1,34,1,1,1,0,2,2008,2,3,0,10,2,546,3,2,0,1,1,3,0
3,3,42,0,10,5,2,0,6244,3,2,0,14,7,462,6,3,4,7,2,3,0
2,4,33,0,6,3,2,0,2799,1,2,1,1,6,1198,1,3,2,3,1,3,0
4,5,58,0,24,6,0,1,10552,2,2,1,5,0,1272,3,3,0,2,3,3,0
2,1,31,5,13,7,1,0,2329,3,2,0,7,8,154,2,2,7,3,1,4,0
7,1,35,0,10,10,1,1,4014,4,3,1,21,0,1137,2,4,6,1,2,1,0
7,4,49,1,29,26,1,1,7403,2,3,0,8,2,527,3,1,9,4,3,2,0
0,3,48,0,13,0,1,2,2259,3,3,0,20,6,1469,2,4,0,4,1,2,0
0,2,31,0,9,9,1,1,6932,3,3,0,20,7,1188,2,4,8,1,2,2,0
1,4,36,0,8,6,2,0,4678,4,3,0,7,6,188,6,2,2,2,1,3,0
11,5,38,5,15,15,1,1,13582,1,3,0,1,5,1333,3,4,12,1,3,3,0
2,1,32,0,5,3,1,0,2332,2,2,0,1,2,1184,3,3,0,6,1,3,0
0,2,25,0,1,1,1,3,2413,2,2,1,19,8,867,2,3,0,1,1,3,1
0,2,40,0,11,1,0,1,9705,2,2,0,10,7,658,2,1,0,2,3,2,0
7,3,26,0,7,7,2,0,4294,1,2,0,1,7,1283,2,3,7,1,2,3,0
17,3,41,2,20,18,2,0,4721,1,3,1,6,2,263,3,4,13,2,1,3,0
9,3,36,3,16,11,2,0,2519,3,3,0,2,2,938,6,3,8,4,1,3,0
0,4,19,0,1,1,2,0,2121,2,2,1,21,8,419,3,4,0,1,1,4,1
0,5,20,0,1,1,2,0,2973,1,3,0,4,2,129,2,1,0,1,1,3,1
5,3,31,8,10,9,1,2,5855,4,3,1,12,0,616,2,4,7,0,2,1,0
0,3,40,0,3,1,0,1,3617,2,3,1,9,6,1469,2,4,1,8,1,3,0
3,3,32,6,8,8,1,1,6725,1,3,0,3,4,498,2,3,7,1,2,4,0
7,1,36,3,16,16,1,1,10325,4,2,1,3,7,530,6,3,7,1,3,3,1
4,1,33,1,6,5,2,0,6949,4,2,0,1,0,1069,3,2,0,0,2,3,0
7,1,37,11,17,14,1,0,10609,3,2,0,1,7,625,2,1,1,5,3,1,1
8,1,45,0,9,9,1,0,4447,2,3,0,4,2,805,5,3,7,1,2,2,0
2,5,29,0,3,3,1,1,2157,4,3,0,20,8,1404,5,3,1,1,1,3,0
0,3,35,1,5,5,1,0,4601,3,3,0,18,7,1219,3,3,2,1,2,3,0
8,1,52,7,26,9,1,1,17099,4,3,0,1,3,1053,2,4,8,2,4,2,0
0,5,58,0,7,1,2,0,2479,3,3,0,2,6,289,4,4,0,4,1,3,1
2,3,53,15,22,17,0,1,14852,3,3,0,2,3,1376,3,3,13,6,4,4,0
7,4,30,7,10,8,0,1,7264,3,3,0,8,7,231,2,3,4,5,3,4,0
3,5,38,1,6,5,2,0,5666,4,3,1,10,7,152,1,3,3,1,2,3,0
8,1,35,0,12,10,0,1,7823,4,3,0,3,7,882,2,4,9,6,3,3,0
7,1,39,0,9,8,2,0,7880,3,4,0,2,7,903,3,1,7,0,3,3,0
0,1,40,0,22,1,2,0,13194,2,4,1,24,7,1479,2,2,0,4,4,2,1
7,3,47,2,20,19,0,0,5067,3,4,1,16,4,1379,3,3,10,1,2,4,0
7,5,36,0,12,7,0,2,5079,4,3,0,8,7,1229,3,1,7,4,2,3,0
2,3,31,1,4,3,2,0,2321,1,2,1,9,6,335,0,3,2,0,1,3,1
0,1,33,6,10,10,2,0,17444,3,3,0,17,3,722,2,4,8,1,4,3,0
0,1,29,0,3,0,2,0,2404,1,2,1,10,6,906,5,4,0,6,1,3,1
2,1,33,0,5,3,2,0,3452,4,3,0,13,6,461,4,2,2,3,1,3,0
2,3,45,0,8,5,0,2,2270,4,3,0,1,2,974,2,4,3,3,1,3,0
3,3,50,1,32,5,0,1,17399,4,3,0,1,5,1126,1,4,4,9,4,2,0
2,4,33,1,6,6,1,1,5488,2,4,1,1,0,827,2,3,5,1,2,3,0
11,3,41,0,21,18,0,1,19419,3,3,0,9,5,840,2,1,16,2,5,4,0
2,5,27,2,4,2,1,1,2811,2,3,0,16,2,1134,2,3,2,9,1,3,0
8,1,45,0,9,9,1,1,3633,1,3,1,23,2,248,2,4,8,1,2,3,0
7,1,47,0,9,9,2,0,4163,4,3,1,4,7,955,0,4,0,1,2,3,0
1,1,30,0,7,5,1,0,2132,3,3,1,22,6,138,2,1,2,4,1,3,1
5,1,50,1,22,12,1,1,13973,3,3,1,24,4,939,2,4,11,3,4,3,0
2,3,38,0,3,2,1,1,2684,3,3,0,10,6,1391,0,3,1,0,1,2,0
7,3,46,0,13,8,0,1,10845,3,3,0,7,4,566,3,4,7,6,3,3,0
2,3,24,3,5,4,0,2,4377,3,2,0,17,4,1206,6,4,2,1,2,3,0
2,4,35,0,5,4,0,1,3743,2,2,1,14,2,622,2,3,2,1,1,1,1
3,1,31,0,4,4,1,1,4148,1,3,0,1,4,853,1,3,3,1,2,3,0
0,1,18,0,0,0,2,0,1051,4,3,0,5,6,287,2,2,0,1,1,3,0
8,5,54,0,22,10,1,1,10739,3,3,0,17,4,1441,2,3,7,8,3,3,0
1,3,35,10,16,16,0,1,10388,3,3,1,25,0,583,3,3,10,1,3,2,0
7,1,30,1,9,8,1,3,11416,1,4,1,8,5,153,4,2,7,0,3,2,0
0,3,20,0,1,1,2,0,2600,1,2,1,11,6,1097,2,4,0,1,1,3,1
2,3,30,1,4,3,2,0,2422,2,3,0,5,2,109,3,2,2,0,1,3,1
3,3,26,1,8,8,1,0,5472,4,4,0,2,4,1066,2,4,7,1,2,3,0
1,1,22,1,4,4,1,1,2451,1,1,0,8,2,217,3,2,3,1,1,2,0
2,1,48,2,19,2,2,0,4240,3,2,0,6,0,277,0,1,2,2,2,3,0
8,1,48,4,27,15,2,0,10999,3,2,0,4,0,1355,3,3,11,7,3,3,0
1,3,41,2,8,2,2,0,5003,3,3,0,7,4,549,6,4,2,6,2,3,0
8,1,39,11,21,21,1,1,12742,4,2,0,1,4,466,3,4,6,1,4,3,0
2,1,27,2,4,3,1,1,4227,4,3,0,2,4,1055,2,1,2,0,2,3,0
2,4,35,1,3,3,0,1,3917,4,3,0,10,2,802,4,2,2,1,1,2,0
0,2,42,0,21,1,1,0,18303,3,3,0,5,3,265,3,4,0,6,5,4,0
0,1,50,0,8,1,1,0,2380,4,3,0,9,2,804,5,1,0,4,1,3,0
3,1,59,4,30,5,2,0,13726,4,2,1,2,4,715,4,3,3,3,4,3,0
0,3,37,0,15,1,1,0,4777,2,1,0,11,0,1141,2,1,0,5,2,1,1
7,3,55,6,17,8,1,2,6385,2,3,1,18,0,135,3,3,7,3,2,3,0
10,1,41,5,21,21,0,2,19973,3,1,0,7,5,247,3,2,16,1,5,3,0
0,1,38,0,19,1,2,0,6861,4,3,1,3,7,1035,1,2,0,8,2,3,0
2,3,26,2,7,2,2,0,4969,1,1,0,29,7,265,6,2,2,8,2,3,1
9,2,52,6,33,32,1,1,19845,4,1,0,2,3,266,3,1,14,1,5,3,1
11,3,44,11,23,12,1,1,13320,4,4,1,28,7,1448,2,4,11,3,4,3,0
13,1,50,0,19,18,1,1,6347,3,3,0,1,7,145,3,4,7,0,2,3,0
14,1,36,15,18,17,2,0,2743,1,4,0,16,2,885,1,3,13,1,1,3,1
8,3,39,2,21,21,2,0,10880,1,3,1,22,4,945,2,4,6,1,3,3,0
2,1,33,2,3,2,2,0,2342,4,2,0,8,8,1038,2,2,2,0,1,2,0
1,1,45,1,26,9,1,1,17650,4,3,0,11,3,1234,4,4,3,3,4,4,0
7,3,32,7,10,8,2,0,4025,3,3,0,29,2,1109,2,4,7,9,1,3,0
9,2,34,0,16,15,0,1,9725,4,4,0,1,7,216,2,2,1,0,2,2,0
4,5,59,0,14,6,1,1,11904,4,3,1,1,3,1089,1,2,4,3,3,1,0
4,3,45,0,6,6,2,0,2177,2,3,0,24,1,788,3,2,3,1,1,3,0
12,2,53,6,30,15,1,1,7525,2,2,0,2,7,124,2,3,7,2,3,3,0
0,4,36,0,9,1,0,1,4834,3,3,0,15,2,660,3,1,0,7,2,2,1
2,1,26,1,6,3,1,1,2042,1,3,1,2,6,342,2,1,2,6,1,3,1
0,1,34,0,1,1,1,1,2220,3,3,1,10,8,1333,2,3,1,1,1,3,0
0,3,28,0,1,1,1,0,1052,2,3,0,10,8,1144,5,4,0,1,1,3,0
2,4,38,2,8,2,1,1,2821,3,3,0,3,6,1186,2,3,2,3,1,3,0
7,3,50,7,29,8,1,1,19237,3,3,1,2,5,1464,2,2,1,2,5,2,0
1,4,37,0,8,4,2,0,4107,2,3,0,3,0,124,3,4,3,3,2,2,0
5,2,40,7,8,7,1,1,8396,1,3,0,26,7,300,3,3,7,1,2,2,0
3,3,26,1,5,5,0,2,2007,3,2,0,1,6,921,5,1,3,1,1,3,0
2,3,46,2,23,2,0,2,19627,4,3,0,1,5,430,0,4,2,9,5,3,0
0,1,54,7,13,9,1,1,10686,3,2,0,2,7,1082,4,3,4,6,3,3,0
3,3,56,0,18,5,1,1,2942,3,3,0,9,6,1240,4,1,4,2,1,3,0
8,3,36,7,15,14,2,0,8858,4,2,0,12,4,796,2,4,8,0,3,2,0
2,3,55,6,31,9,2,0,16756,1,2,0,2,3,444,3,3,7,7,4,4,0
0,3,43,0,18,1,0,1,10798,4,2,0,25,7,415,5,3,0,5,3,3,0
2,2,20,0,2,2,2,0,2323,4,3,1,9,8,769,3,4,2,1,1,3,1
0,1,21,1,1,1,2,0,1416,1,2,0,10,2,1334,6,3,0,1,1,2,1
7,1,46,1,19,16,0,3,4615,1,2,1,8,6,1003,2,4,13,8,2,3,0
7,1,51,2,18,10,1,3,2461,3,3,1,4,6,1323,2,1,0,9,1,4,1
9,5,28,1,10,10,2,0,8722,1,2,0,24,0,1366,2,2,7,1,3,2,1
3,3,26,1,6,5,1,2,3955,1,2,0,1,2,192,2,1,3,1,1,3,0
2,4,30,0,7,6,1,1,9957,1,3,0,20,4,1176,1,3,2,0,2,2,0
8,5,41,0,10,10,1,0,3376,3,4,0,7,6,509,3,2,6,1,1,3,0
9,1,38,1,20,19,1,1,8823,3,2,0,17,0,330,4,3,9,0,3,2,0
1,5,40,11,14,11,1,1,10322,4,3,0,20,0,1492,6,1,10,4,3,3,0
2,1,27,1,3,3,1,3,4621,3,1,0,8,2,1277,4,1,2,1,1,3,0
2,1,55,1,23,3,1,1,10976,2,3,0,2,4,1091,4,4,2,3,3,3,0
7,4,28,1,10,8,2,0,3660,3,3,0,10,6,857,4,3,7,3,2,4,0
6,3,44,3,24,20,1,1,10482,1,2,0,1,1,1376,1,2,6,9,3,3,1
2,1,33,1,9,3,0,1,7119,4,2,0,5,0,654,2,4,2,4,3,3,0
7,5,35,4,9,8,2,0,9582,1,3,1,4,7,1204,2,4,7,0,3,3,1
8,3,33,3,14,13,2,0,4508,3,2,0,29,6,827,4,1,7,1,2,3,1
2,1,28,2,4,4,0,1,2207,3,3,0,15,2,895,5,1,2,1,1,2,0
4,1,34,0,7,6,2,0,7756,4,3,0,3,0,618,1,1,2,0,2,2,0
0,1,37,0,8,1,0,3,6694,4,2,1,10,7,309,5,4,0,2,2,3,0
6,5,25,5,7,7,1,1,3691,4,3,1,4,2,1219,3,4,7,1,1,4,1
0,3,26,0,1,1,0,1,2377,3,3,0,21,2,1330,0,1,1,1,1,2,1
2,3,33,2,5,2,2,0,2313,2,2,1,25,6,1017,0,1,2,4,1,3,1
7,3,42,13,23,22,1,1,17665,1,3,0,2,3,469,3,4,6,0,4,3,0
0,3,28,0,1,1,0,2,2596,2,2,0,1,2,1009,2,1,0,1,1,3,1
0,4,50,0,5,0,2,0,4728,3,3,1,1,7,959,4,4,0,3,2,3,1
2,1,33,0,4,3,1,1,4302,2,3,0,7,7,970,3,4,2,0,2,3,0
0,1,34,0,6,0,1,3,2979,4,2,0,3,6,697,2,3,0,3,1,3,0
1,3,48,2,27,5,2,0,16885,4,4,0,1,3,1262,3,1,4,2,4,2,0
12,1,45,4,15,15,1,1,5593,3,2,0,9,7,1050,2,2,10,1,2,3,0
0,1,52,4,18,8,2,0,10445,2,3,0,7,0,994,4,2,6,7,3,3,0
7,2,38,2,9,8,0,2,8740,3,2,1,10,7,770,2,3,7,0,3,3,0
7,1,29,1,11,7,0,1,2514,4,3,0,28,6,1107,1,3,5,4,1,3,0
7,3,28,1,10,9,0,3,7655,2,3,0,3,4,950,3,4,7,0,3,2,0
9,2,46,4,23,12,1,1,17465,3,3,0,3,3,406,3,1,9,3,4,3,0
0,2,38,0,10,1,2,0,7351,2,3,0,2,7,130,2,4,0,7,3,3,0
1,1,43,0,18,8,1,1,10820,1,3,0,27,4,1082,1,3,7,8,3,3,0
5,1,39,11,21,18,0,3,12169,4,3,0,2,0,203,4,1,7,7,4,3,1
9,3,40,4,21,20,2,0,19626,3,2,0,14,5,1308,2,3,7,1,5,4,0
2,5,21,2,2,2,2,0,2070,2,2,1,1,6,984,6,4,2,1,1,4,0
3,1,39,0,9,5,2,0,6782,2,3,0,9,2,439,2,3,4,9,2,2,0
9,1,36,0,18,11,2,0,7779,4,3,0,18,4,217,0,1,9,2,2,3,0
2,1,31,2,3,2,1,1,2791,4,4,0,20,8,793,4,3,2,0,1,3,0
4,1,28,0,6,5,1,0,3201,2,2,0,2,6,1451,2,1,3,0,1,1,0
2,2,35,0,5,5,0,1,4968,4,3,0,11,7,1182,3,4,2,1,2,3,0
3,5,49,2,22,9,1,1,13120,2,2,0,8,7,174,3,4,8,6,4,3,0
2,1,34,0,5,3,2,0,4033,3,3,0,2,4,1003,3,4,2,2,2,2,0
1,1,29,1,8,7,0,2,3291,2,3,0,10,6,490,2,4,5,0,1,2,0
0,3,42,0,16,1,2,0,4272,4,1,0,29,2,188,3,2,0,4,2,3,0
2,3,29,1,10,10,1,1,5056,4,2,1,8,4,718,2,2,7,1,2,2,0
0,0,38,5,7,7,1,1,2844,3,4,0,1,1,433,2,3,6,1,1,4,0
2,1,28,0,3,3,0,1,2703,3,2,1,6,6,773,2,3,1,1,1,3,0
0,3,18,0,0,0,2,0,1904,3,3,0,8,2,247,0,3,0,1,1,3,1
3,2,33,0,6,5,2,0,8224,1,3,1,9,7,603,3,1,2,0,2,3,1
0,1,41,0,6,1,1,1,4766,4,3,1,12,2,167,4,2,0,3,1,3,0
2,3,31,2,2,2,1,1,2610,3,3,0,15,2,874,5,3,2,1,1,2,1
3,3,37,1,9,6,0,2,5731,4,2,0,25,0,367,2,3,2,7,2,3,0
2,1,27,2,4,4,1,1,2539,3,2,0,6,6,199,0,4,2,1,1,3,0
3,1,34,1,6,6,1,0,5714,3,3,0,9,7,1400,3,2,5,1,2,2,0
4,5,35,1,6,5,2,0,4323,3,3,0,8,1,528,2,3,4,1,1,1,0
10,1,29,3,11,11,1,1,7336,1,2,0,23,7,408,3,4,8,1,3,1,1
13,3,40,2,20,18,2,0,13499,3,3,0,9,5,593,3,2,7,9,3,2,0
14,1,42,13,22,21,2,0,13758,1,3,1,12,7,481,2,3,9,0,4,2,1
5,2,42,1,9,6,2,0,5155,1,3,0,4,7,647,3,2,4,7,2,4,0
7,3,35,1,10,8,1,1,2258,3,2,0,1,2,982,2,4,0,6,1,3,0
2,3,24,1,6,4,2,0,3597,2,3,0,24,2,477,2,4,3,8,1,3,0
0,1,28,0,1,1,1,0,2515,4,3,1,12,2,1485,4,3,1,1,1,2,1
7,3,26,0,8,8,1,1,4420,4,4,0,3,2,1384,2,1,7,1,1,3,0
4,2,30,1,10,10,1,1,6578,3,2,0,10,7,852,3,3,3,1,2,3,0
0,3,40,0,16,1,1,1,4422,4,2,1,26,6,902,3,3,1,3,2,1,0
4,1,35,6,15,7,0,1,10274,2,2,0,2,4,819,2,3,7,2,3,4,0
9,3,34,4,14,13,2,0,5343,1,2,0,1,0,669,3,4,9,0,2,3,0
2,4,35,2,2,2,1,1,2376,4,2,0,4,2,636,2,4,2,1,1,4,0
3,2,43,1,7,4,2,0,5346,3,1,0,9,7,1372,2,1,3,8,2,2,1
0,1,32,0,1,1,0,3,2827,1,3,0,2,8,862,3,3,0,1,1,3,0
2,5,56,4,28,5,0,1,19943,1,3,0,4,3,718,2,4,2,4,5,3,0
8,3,29,0,10,10,1,1,3131,4,3,0,6,2,1401,5,2,8,1,1,3,0
0,1,19,0,1,1,2,0,2552,1,3,0,9,6,645,4,3,1,1,1,3,0
2,3,45,0,7,3,1,1,4477,3,3,1,7,6,1457,2,1,2,4,1,2,0
11,1,37,3,14,14,1,1,6474,4,2,0,1,4,977,2,4,8,1,2,2,0
2,1,20,1,2,2,2,0,3033,3,2,0,3,2,805,2,1,2,1,1,2,0
2,1,44,0,6,6,2,0,2936,3,3,1,10,6,1097,4,3,4,1,1,3,1
7,3,53,4,26,7,0,1,18606,3,3,0,7,3,1223,6,4,7,3,5,3,0
3,1,29,1,6,5,1,1,2168,4,1,1,15,6,942,2,2,4,0,1,2,0
0,1,22,0,1,0,1,1,2853,4,2,1,3,6,1256,5,3,0,0,1,3,1
9,2,46,15,28,26,1,0,17048,1,3,0,2,3,1402,2,3,15,8,4,3,0
0,1,44,0,6,0,2,0,2290,3,1,0,17,6,111,3,4,0,2,1,3,0
4,0,33,1,5,5,1,1,3600,3,3,0,2,1,147,2,2,4,1,1,3,0
0,1,41,0,5,1,0,1,2107,1,2,0,5,6,906,2,1,0,6,1,1,1
3,1,30,0,8,4,0,3,4115,1,3,0,29,7,1329,3,3,3,8,2,3,0
0,3,40,0,5,0,1,3,4327,2,3,0,2,7,1184,2,2,0,5,2,3,0
2,3,50,2,32,2,1,1,17856,1,3,0,2,3,1421,3,4,2,2,4,3,0
3,3,28,3,6,6,1,3,3196,1,2,0,19,2,1179,2,4,5,1,1,3,0
3,1,46,0,25,4,1,1,19081,2,3,0,15,5,1450,2,4,2,5,5,3,0
7,1,35,1,15,7,1,3,8966,1,3,1,17,7,1361,2,3,7,3,2,3,0
0,1,24,0,1,1,1,1,2210,2,3,0,17,2,984,3,4,0,1,1,1,1
1,3,33,0,10,10,1,1,4539,3,3,0,25,7,1146,3,2,7,1,2,2,0
7,1,36,1,7,7,0,1,2741,3,1,0,6,2,917,4,3,7,1,1,3,0
9,1,30,8,10,10,0,3,3491,3,3,0,7,2,853,4,3,7,1,2,2,0
17,4,44,13,20,20,2,0,4541,4,3,0,29,6,200,3,4,11,1,2,3,0
2,2,20,2,2,2,2,0,2678,4,4,0,21,8,654,2,3,1,1,1,3,0
4,5,46,1,12,6,0,1,7379,4,3,0,2,4,150,3,4,3,2,2,2,0
3,3,42,0,10,4,1,1,6272,1,4,0,2,1,179,3,4,3,7,2,4,0
9,2,60,1,12,11,0,1,5220,4,4,1,7,7,696,3,2,7,0,2,3,0
2,4,32,2,2,2,1,1,2743,2,2,0,13,2,116,2,3,2,1,1,3,0
7,1,32,0,10,8,2,0,4998,3,3,1,2,6,1316,2,4,7,4,2,3,0
7,5,36,7,17,7,0,1,10252,1,1,1,1,4,363,2,3,7,2,3,3,0
10,3,33,4,15,14,1,1,2781,4,3,0,9,6,117,5,1,10,0,1,3,0
3,5,40,1,7,5,0,1,6852,2,2,0,10,7,107,2,2,1,7,2,4,0
1,1,25,1,5,4,2,0,4950,4,3,0,10,7,1356,4,3,3,0,2,3,0
7,3,30,5,12,11,1,1,3579,2,3,1,1,6,1465,2,4,9,0,1,3,0
0,3,42,0,20,1,1,0,13191,1,3,1,26,5,458,6,1,0,3,3,3,0
12,2,35,4,16,13,1,1,10377,4,2,1,8,7,1212,6,3,2,4,3,2,0
8,1,27,6,9,9,1,2,2235,1,3,1,14,6,1103,3,1,7,1,1,2,0
4,1,54,1,33,5,0,1,10502,3,3,0,1,4,966,2,4,4,7,3,1,0
7,1,44,7,10,10,1,1,2011,4,4,0,2,6,1117,5,1,5,1,1,3,0
0,3,19,0,1,1,2,0,1859,2,2,1,10,6,504,2,1,1,1,1,4,1
2,1,29,1,3,3,0,3,3760,4,3,0,1,6,1010,5,1,2,1,1,3,0
9,1,54,0,36,10,1,0,17779,4,3,0,3,5,685,2,4,9,3,4,3,0
1,3,31,0,6,6,1,0,6833,1,3,1,11,0,1332,2,3,5,1,2,2,0
8,3,31,1,10,10,2,0,6812,1,2,0,24,0,1062,2,3,9,1,2,3,0
5,1,59,0,13,6,2,0,5171,4,2,0,3,7,326,2,3,1,5,2,3,0
7,1,43,0,25,8,1,1,19740,4,1,0,3,5,920,2,3,7,3,5,3,0
0,3,49,0,23,1,1,1,18711,3,2,0,4,3,1098,2,1,0,2,5,4,0
7,5,36,0,12,11,1,0,3692,2,3,0,3,6,469,2,3,10,1,1,2,0
0,5,48,0,7,1,2,0,2559,2,4,0,2,2,969,4,4,0,5,1,2,0
3,1,27,0,5,5,0,3,2517,3,3,0,4,6,1167,2,1,3,1,1,3,0
0,1,29,1,6,6,0,2,6623,4,3,1,7,0,1329,2,3,0,1,2,3,0
0,1,48,0,25,1,2,0,18265,4,2,0,1,5,715,3,4,0,6,5,4,0
7,1,29,1,9,7,0,2,16124,4,2,0,1,5,694,2,4,7,3,4,2,0
0,5,34,0,2,1,1,0,2585,3,4,0,20,6,1320,5,3,0,0,1,2,0
10,2,44,3,26,22,1,1,18213,2,3,0,5,3,1099,5,2,9,7,5,3,0
8,2,33,0,10,9,0,2,8380,3,4,1,10,7,536,3,4,8,0,3,3,0
1,1,19,0,1,1,2,0,2994,4,4,1,25,6,265,2,2,0,1,1,3,0
1,1,23,0,1,1,1,1,1223,3,3,0,1,6,373,2,4,0,1,1,3,0
0,1,25,1,1,1,2,0,1118,4,1,1,24,8,599,4,3,0,1,1,3,1
2,1,26,2,8,8,2,0,2875,4,3,1,4,6,583,2,3,5,1,1,2,0
11,2,45,1,26,24,2,0,18824,2,1,1,2,3,1449,2,1,10,2,5,3,1
0,3,55,15,34,33,0,1,13577,2,2,1,8,0,177,3,4,9,1,4,3,0
2,1,21,2,2,2,2,0,2625,3,2,0,10,2,251,2,1,2,1,1,1,1
8,2,46,0,26,11,1,1,18789,2,2,0,4,3,168,2,4,4,2,5,3,0
2,2,34,0,4,3,2,0,4538,1,3,1,2,7,131,3,3,2,0,2,3,0
10,1,51,11,31,29,0,1,19847,2,3,1,9,3,237,5,4,10,4,5,2,0
4,3,59,5,25,9,2,0,10512,4,3,0,18,4,1429,6,4,7,6,3,2,0
10,3,34,5,15,11,0,2,4444,2,3,0,19,2,135,2,3,8,4,2,4,0
2,3,28,0,5,4,2,0,2154,3,3,1,1,2,791,2,4,2,0,1,2,0
13,1,44,14,26,25,0,2,19190,1,4,0,4,3,1199,4,3,9,1,5,2,0
8,1,34,1,14,10,1,2,4490,2,2,0,11,1,648,5,3,9,4,2,4,0
2,1,35,2,4,3,1,0,3506,3,3,1,6,6,735,3,3,2,0,1,3,0
0,3,42,0,18,1,1,0,2372,2,4,1,7,6,603,2,2,0,6,2,3,0
17,2,43,15,23,21,2,0,10231,4,2,0,4,7,531,3,4,7,3,3,4,0
12,1,36,5,18,16,2,0,5410,2,3,1,2,4,429,2,3,14,9,2,3,0
5,3,44,0,10,10,1,1,7978,4,3,0,15,0,621,2,1,7,1,3,3,1
2,1,28,2,2,2,1,1,3867,4,2,1,2,2,193,2,4,2,1,1,3,0
7,3,51,7,8,7,2,0,2838,3,2,0,6,2,968,6,2,0,0,1,2,0
7,3,30,1,10,8,2,0,4695,3,3,1,9,4,879,3,3,4,7,2,3,0
7,5,29,7,10,7,0,2,3339,3,3,1,7,2,806,2,2,7,3,1,3,1
2,5,28,1,5,3,2,0,2080,1,3,0,1,6,640,2,4,2,2,1,2,0
1,3,25,2,2,2,2,0,2096,2,3,0,1,6,266,3,4,2,1,1,2,0
8,3,32,0,10,10,1,2,6209,4,4,0,8,7,604,4,3,7,1,2,4,0
0,3,45,0,22,0,2,0,18061,2,3,0,25,3,364,4,2,0,3,5,3,0
2,3,39,15,21,19,0,2,17123,2,2,1,13,3,412,4,3,9,6,4,3,0
2,1,58,2,2,2,0,2,2372,3,3,0,23,6,848,3,1,2,1,1,3,0
1,1,32,1,10,10,1,1,4883,3,3,0,7,2,1089,3,4,4,1,2,3,1
3,3,39,0,6,5,2,0,3904,1,3,0,23,6,360,2,3,2,0,1,3,1
7,5,30,6,10,9,1,1,4627,4,2,0,6,2,1138,6,1,2,0,2,3,0
7,5,36,1,10,7,1,0,7094,3,3,0,10,0,325,0,4,7,3,3,3,0
7,1,46,5,10,7,2,0,3423,1,3,0,1,1,991,3,4,6,6,1,4,0
5,1,28,7,10,9,1,3,6674,4,1,0,1,2,1476,6,3,8,0,2,3,0
2,1,50,1,25,3,1,0,16880,1,3,1,28,5,1322,2,4,2,4,4,3,0
0,2,40,1,9,5,2,0,9094,2,2,1,25,7,299,2,4,4,2,3,3,1
7,1,52,7,10,8,2,0,8446,2,3,1,5,7,1030,2,2,7,9,3,2,1
8,3,30,0,9,9,1,2,11916,1,3,1,17,3,634,2,2,1,1,3,3,0
7,1,39,1,9,8,2,0,4534,3,3,0,18,4,524,6,1,7,0,2,3,0
6,1,31,9,10,10,0,1,9852,3,3,1,2,7,587,5,4,8,1,3,2,0
9,3,41,11,19,19,2,0,6151,2,1,0,10,7,256,4,3,2,1,2,3,0
2,1,31,2,3,3,2,0,2302,2,3,1,1,8,1060,2,4,2,1,1,4,1
2,1,44,1,10,3,1,0,2362,1,3,0,3,2,935,4,1,2,4,1,4,1
10,1,42,2,21,20,1,0,17861,3,3,1,2,3,495,3,3,8,0,4,2,0
11,3,55,9,23,19,1,1,19187,3,1,0,2,3,282,5,4,9,4,5,3,0
7,1,56,7,36,7,2,0,19717,2,3,0,8,3,206,4,4,3,6,5,3,0
0,1,40,0,6,4,0,1,3544,3,3,0,16,6,458,0,3,2,9,1,3,0
6,1,34,1,10,9,0,1,8500,4,3,0,9,0,943,0,4,7,0,3,2,0
8,1,40,8,9,9,2,0,4661,4,3,0,2,6,523,4,3,8,1,2,3,0
7,2,41,1,10,9,0,1,4103,1,3,0,1,7,1018,2,3,3,0,2,3,0
1,1,35,1,9,9,2,0,4249,3,3,1,4,6,482,3,3,6,1,2,3,0
10,1,51,0,33,33,0,1,14026,2,3,1,5,3,770,2,3,9,1,4,3,0
7,1,38,1,11,7,0,1,6893,1,3,0,2,7,1009,3,2,7,3,2,3,0
6,3,34,9,10,10,2,0,6125,1,3,0,15,7,507,6,3,8,1,2,4,0
2,3,25,1,7,3,1,3,3669,4,3,0,19,2,882,6,4,2,3,1,2,0
9,3,58,5,31,10,1,0,10008,1,2,1,7,4,601,0,3,9,7,3,2,1
3,1,40,0,7,4,1,1,2387,2,3,0,1,2,329,3,2,2,3,1,3,0
13,2,36,6,17,15,1,1,4639,1,4,0,7,7,607,2,1,7,2,2,2,0
8,1,48,0,11,10,2,0,7898,4,3,0,4,4,855,2,4,9,1,3,3,0
0,3,27,0,5,1,1,1,2534,4,4,0,11,8,1291,4,3,0,8,1,3,0
3,5,51,0,29,5,2,0,13142,2,2,0,11,4,1405,1,4,2,3,4,2,0
0,1,18,0,0,0,2,0,1611,4,3,0,1,2,1124,5,4,0,1,1,4,0
0,3,35,0,10,9,1,1,5363,4,2,0,1,2,817,0,4,7,0,2,3,0
0,1,27,0,8,6,2,0,5071,4,1,0,2,7,793,3,4,2,3,2,3,0
8,2,55,3,24,19,2,0,13695,3,4,1,13,7,267,2,1,7,6,4,2,1
9,1,56,15,33,19,1,1,13402,2,3,1,23,4,1369,0,4,16,4,4,3,0
0,5,34,0,5,5,0,3,2029,3,2,0,26,6,999,2,1,4,1,1,3,0
8,3,40,11,15,12,0,3,6377,3,4,0,2,0,1202,0,2,11,5,2,3,0
7,3,34,7,10,8,1,2,5429,3,3,0,29,2,285,1,2,7,4,2,3,0
0,1,31,0,3,1,2,0,2785,4,2,0,2,8,703,3,3,0,7,1,4,1
2,2,35,3,5,4,1,1,4614,3,3,1,18,7,662,0,4,2,0,2,2,1
3,1,38,0,4,4,0,3,2610,3,4,0,7,6,693,2,4,2,1,1,3,0
11,5,34,4,14,14,2,0,6687,4,3,0,2,0,404,2,3,11,1,2,4,0
4,1,28,0,5,5,1,1,4724,1,2,0,26,7,736,0,3,3,1,2,3,0
7,3,31,6,10,10,1,2,6179,3,3,1,22,4,330,3,4,2,1,2,2,1
4,1,39,1,8,5,1,2,6120,4,2,1,21,7,1498,2,1,4,3,2,4,0
2,2,51,3,14,4,1,0,10596,2,3,0,2,7,541,5,2,2,2,3,3,0
3,1,41,3,12,6,0,2,5467,4,3,1,22,6,1200,4,4,2,3,2,2,0
3,1,37,1,8,6,1,0,2996,3,3,1,4,6,1439,2,3,4,7,1,3,0
2,1,33,1,8,5,1,0,9998,4,3,0,5,7,1111,2,2,4,6,2,4,0
2,2,32,1,4,3,1,3,4078,2,3,1,2,7,499,3,3,2,0,2,2,0
5,1,39,0,13,6,1,1,10920,3,3,0,25,0,1485,2,3,4,3,3,3,0
2,1,25,1,6,3,1,0,6232,3,4,0,18,7,1372,3,1,2,2,2,2,0
2,3,52,0,24,5,1,1,13247,3,4,1,28,4,322,3,4,3,2,4,2,0
8,3,43,1,20,20,2,0,4081,3,2,1,6,6,930,3,1,7,1,2,1,0
4,2,27,4,6,6,1,0,5769,4,2,1,10,7,205,3,4,2,1,2,3,0
7,1,27,7,8,8,2,0,2394,3,3,1,17,6,135,2,4,2,1,1,3,1
1,3,26,1,5,4,2,0,3904,4,2,0,2,6,683,2,1,3,0,1,3,0
9,0,42,0,21,20,1,1,16799,1,3,0,10,3,1147,5,3,7,0,4,3,0
4,4,52,0,12,5,1,0,2950,1,3,0,8,2,258,2,3,4,9,1,1,0
2,3,37,0,8,3,2,0,3629,3,3,0,11,2,1462,6,1,2,4,1,3,0
2,1,35,2,10,2,2,0,9362,4,3,0,18,4,200,2,3,2,2,3,3,0
2,5,25,0,7,3,1,1,3229,4,3,0,1,2,949,2,1,2,4,1,2,0
7,4,26,0,8,7,2,0,3578,1,4,0,7,2,652,2,3,7,0,1,3,0
9,4,29,0,10,10,2,0,7988,1,2,0,17,1,332,3,2,9,1,3,2,0
3,1,49,1,20,4,2,0,4284,1,2,0,28,2,1475,2,1,3,3,2,3,1
7,4,29,7,9,8,2,0,7553,4,3,1,14,0,337,1,3,7,0,3,3,1
7,3,54,12,29,20,2,0,17328,4,3,0,1,5,971,3,4,7,6,4,2,0
5,3,58,1,32,9,1,1,19701,1,3,1,1,5,1055,3,4,8,3,5,3,0
0,3,55,0,31,7,0,2,14732,4,4,0,1,5,1136,4,2,7,2,4,4,0
1,2,36,0,15,5,2,0,9278,2,3,1,3,7,1174,3,1,4,3,2,3,0
0,1,31,0,1,1,2,0,1359,3,1,0,1,8,667,3,2,0,1,1,3,1
2,2,30,0,8,3,0,2,4779,1,3,0,7,7,855,3,4,2,7,2,3,0
0,1,31,1,9,3,2,0,16422,2,3,0,8,5,182,3,1,2,3,4,4,0
3,4,34,1,10,4,0,2,2996,1,3,0,1,6,560,2,4,3,5,1,3,0
0,1,31,0,1,1,2,0,1261,2,2,0,8,6,202,3,1,0,1,1,4,1
4,1,27,1,6,5,1,0,2099,1,3,0,11,2,1377,3,2,0,0,1,4,0
8,1,36,1,10,10,2,0,5810,4,2,0,4,2,172,2,1,4,1,2,2,0
2,2,36,0,11,3,1,2,5647,1,2,0,16,7,329,3,3,2,4,2,2,0
2,5,47,1,17,6,1,1,3420,4,3,0,1,6,465,2,1,5,7,1,2,0
2,1,25,2,6,3,1,0,4400,1,2,0,9,8,383,2,1,2,3,1,3,1
3,5,37,1,7,6,2,0,3500,3,4,0,5,2,1413,2,3,5,0,1,1,0
0,1,56,1,5,3,1,1,2066,1,3,0,1,6,1255,3,1,2,2,1,4,0
6,3,47,5,26,20,1,2,17169,3,3,0,2,5,359,2,1,17,3,4,4,0
3,3,24,0,5,5,1,2,4162,3,3,1,4,7,1476,3,4,4,1,2,3,0
3,2,32,0,7,4,1,1,9204,4,3,0,7,7,601,3,4,3,4,2,2,0
2,1,34,0,7,5,1,1,3294,2,2,0,1,2,401,2,4,4,5,1,2,0
3,3,41,0,7,4,1,0,2127,3,4,1,5,6,1283,5,2,2,2,1,2,0
7,4,40,0,11,8,0,2,3975,3,3,0,9,2,663,2,3,7,3,2,4,0
9,1,31,9,13,13,0,1,10793,4,3,0,8,7,326,5,1,7,1,3,3,0
3,2,46,4,28,7,0,1,10096,4,3,0,9,7,377,1,1,7,4,3,4,1
0,1,39,0,11,1,2,0,3646,1,2,1,2,2,592,2,1,0,2,1,4,1
7,1,31,4,10,10,2,0,7446,2,4,0,1,4,1445,2,3,8,1,3,3,1
7,3,45,0,24,7,0,1,10851,1,1,1,20,0,1038,2,2,7,2,3,3,0
2,3,31,0,8,3,2,0,2109,2,4,0,8,1,1398,3,4,2,9,1,3,0
2,1,31,2,7,2,1,1,3722,4,3,1,2,2,523,2,2,2,6,1,1,1
2,5,45,1,10,3,1,2,9380,4,3,1,29,4,1448,4,2,1,4,3,4,0
2,2,48,2,15,2,0,3,5486,1,3,0,7,7,1221,3,3,2,4,2,3,0
2,5,34,2,2,2,1,0,2742,3,3,0,9,1,1107,0,1,2,1,1,3,1
8,3,40,4,16,9,0,1,13757,2,2,0,8,5,218,5,4,8,2,3,3,0
3,3,28,1,6,5,2,0,8463,1,3,0,5,7,866,4,4,4,0,2,3,0
3,1,44,0,7,5,2,0,3162,3,2,0,5,2,981,5,3,2,3,1,3,0
8,3,53,8,35,9,2,0,16598,2,4,0,2,5,447,2,4,8,4,4,2,0
2,5,49,1,20,3,1,1,6651,3,3,0,5,0,1495,0,1,2,2,2,2,0
2,3,40,1,8,3,0,1,2345,3,3,0,2,6,896,3,3,1,2,1,4,0
3,1,44,1,6,5,2,0,3420,2,3,0,20,6,1467,3,4,2,1,1,2,0
3,3,33,0,5,4,1,2,4373,1,3,0,7,7,430,2,4,3,0,2,3,0
12,4,34,3,15,13,2,0,4759,1,1,0,3,7,1326,2,4,9,3,2,3,0
2,1,30,2,4,2,1,2,5301,3,3,0,16,7,1358,2,4,1,8,2,2,0
8,3,42,5,12,12,2,0,3673,4,3,0,9,2,748,3,1,9,1,1,3,0
0,2,44,0,11,1,1,1,4768,3,3,0,1,7,383,4,1,0,7,2,2,0
0,5,30,0,1,1,0,2,1274,3,3,0,7,6,990,2,3,0,1,1,2,0
8,1,57,2,13,12,1,1,4900,3,4,0,1,6,405,2,2,9,0,2,2,0
7,1,49,0,29,8,0,2,10466,2,3,0,7,0,1490,3,3,7,3,3,3,0
9,3,34,6,16,14,0,2,17007,1,3,0,15,5,829,3,2,8,7,4,2,0
2,5,28,1,5,3,1,1,2909,3,3,0,1,8,1496,3,1,2,3,1,4,1
0,5,29,0,7,5,2,0,5765,2,3,0,13,7,115,4,1,3,5,2,1,1
10,3,34,10,16,15,2,0,4599,2,2,1,24,7,790,2,1,9,0,2,4,1
0,1,35,0,1,1,1,1,2404,3,3,0,7,8,660,3,4,0,1,1,3,0
0,3,24,0,4,0,2,0,3172,1,3,1,9,2,381,2,2,0,2,1,2,1
0,1,24,0,1,1,1,1,2033,2,3,0,13,8,830,2,4,0,1,1,3,0
2,3,44,2,16,2,2,0,10209,3,3,1,2,4,1193,2,2,2,5,3,2,0
4,1,29,0,10,10,0,2,8620,3,2,0,19,7,1246,3,3,7,1,2,3,0
3,1,30,1,6,5,0,1,2064,3,3,0,1,1,330,3,3,3,0,1,4,0
2,1,55,1,4,3,1,0,4035,3,3,1,4,0,1229,2,4,2,0,2,3,0
2,3,33,0,8,5,1,0,3838,2,2,0,4,2,1099,5,1,4,8,1,3,0
2,3,47,1,11,5,1,1,4591,3,3,1,14,7,571,4,3,4,3,2,2,0
0,3,28,0,8,0,2,0,2561,1,2,0,2,2,289,2,3,0,7,1,2,1
0,1,28,0,1,1,0,1,1563,3,2,0,1,6,1423,2,1,0,1,1,1,0
3,1,28,1,5,4,2,0,4898,1,3,0,7,7,467,5,3,2,0,2,3,0
2,3,49,1,10,3,1,1,4789,1,2,0,3,2,271,3,3,2,4,2,3,0
2,1,29,0,4,3,1,3,3180,2,3,0,2,2,410,3,4,2,0,1,3,0
7,1,28,1,8,8,1,2,6549,2,1,0,29,4,1083,2,3,6,1,2,2,0
0,1,33,0,14,0,2,0,6388,3,3,1,8,0,516,6,4,0,2,2,3,0
0,3,32,0,10,5,2,0,11244,4,3,0,10,3,495,5,3,2,2,3,4,0
12,3,54,1,26,14,0,1,16032,4,3,0,11,3,1050,2,2,9,3,4,3,0
7,5,29,0,11,9,2,0,2362,1,2,0,1,6,224,2,1,7,6,1,1,1
17,1,44,14,24,20,1,1,16328,1,3,0,28,5,136,1,4,6,3,4,4,0
2,1,39,2,9,2,2,0,8376,2,3,0,6,4,1089,3,2,0,4,3,3,0
1,1,46,5,23,13,1,1,16606,2,3,0,3,3,228,2,3,12,8,4,4,0
3,1,35,3,11,11,2,0,8606,2,2,0,16,0,1029,3,4,8,1,3,1,0
2,1,23,1,5,4,2,0,2272,3,3,0,20,2,507,2,1,3,0,2,3,0
0,1,40,1,15,5,2,0,2018,1,3,0,9,2,676,3,4,4,3,1,1,1
6,5,34,8,10,10,1,0,7083,3,2,1,1,7,971,3,4,9,1,3,3,0
7,1,31,7,7,7,2,0,4084,3,3,0,3,6,561,2,4,2,1,1,1,1
9,3,50,13,32,32,2,0,14411,4,1,1,22,5,333,2,3,6,1,4,3,0
7,5,34,5,12,11,1,1,2308,3,3,1,7,8,1440,4,2,10,0,1,3,0
0,3,42,0,4,1,1,1,4841,2,2,0,2,2,1210,3,3,0,4,1,3,0
7,3,37,3,10,10,1,0,4285,4,3,0,13,6,674,2,1,8,1,2,3,0
7,4,29,0,9,7,1,1,9715,1,1,0,8,0,441,3,3,7,3,2,3,0
2,1,33,0,5,5,2,0,4320,2,2,0,25,4,575,2,4,3,1,2,3,0
3,5,45,0,8,5,1,1,2132,4,3,0,28,6,950,3,4,4,4,1,3,0
9,1,42,13,24,20,1,1,10124,4,3,1,2,0,288,3,4,8,2,3,1,0
1,3,40,7,9,8,1,0,5473,1,3,0,9,7,1342,5,1,4,0,2,4,0
7,1,33,5,15,15,1,1,5207,3,3,1,28,2,589,3,2,14,1,2,3,0
7,3,40,7,21,21,2,0,16437,4,3,1,6,3,898,2,3,7,1,4,3,0
0,5,24,0,2,1,0,3,2296,1,2,0,21,2,350,3,3,1,0,1,3,0
2,1,40,2,8,2,0,0,4069,4,3,1,8,0,1142,2,4,2,3,2,3,0
7,5,45,7,10,10,0,3,7441,2,3,0,1,0,538,4,1,8,1,3,3,0
2,1,35,4,6,5,1,2,2430,3,2,0,28,8,1402,5,2,3,0,1,3,0
5,1,32,2,12,7,1,1,5878,2,2,0,5,6,824,2,4,1,3,2,3,0
2,1,36,1,7,3,2,0,2644,4,3,1,2,8,1157,3,3,2,3,1,2,0
7,1,48,7,18,8,0,1,6439,3,3,0,16,7,492,2,3,7,8,2,3,0
0,1,29,0,5,1,1,2,2451,3,4,0,9,6,598,2,3,0,6,1,2,0
2,1,33,2,8,2,1,1,6392,1,3,0,8,7,1242,6,1,2,2,2,1,0
7,1,30,6,10,10,1,1,9714,1,2,0,1,7,740,4,2,8,1,2,3,1
2,0,38,1,10,6,1,0,6077,3,3,0,10,1,888,2,3,3,3,2,3,0
2,3,35,1,3,3,2,0,2450,1,2,0,1,2,992,3,4,0,1,1,3,0
3,5,30,1,9,4,1,1,9250,2,3,0,29,7,1288,3,3,2,3,3,3,0
0,1,35,0,1,1,0,1,2074,1,3,1,2,2,104,2,1,0,1,1,3,1
9,5,53,1,34,33,1,1,10169,4,2,0,2,4,607,4,3,7,0,3,3,1
4,3,38,1,7,5,1,2,4855,2,3,0,2,4,903,2,3,2,4,2,3,1
2,5,32,1,9,6,1,1,4087,1,3,0,1,6,1200,3,4,5,4,2,2,0
6,4,48,7,10,8,1,1,2367,1,3,0,15,6,1108,3,3,2,8,1,2,0
0,3,34,0,1,1,2,0,2972,4,3,0,7,6,479,4,1,0,1,1,1,0
13,2,55,2,36,36,1,1,19586,4,2,0,26,3,685,3,3,6,1,5,3,0
1,1,34,2,9,2,1,1,5484,4,3,0,1,6,1351,3,2,2,9,2,2,0
0,1,26,0,1,1,1,0,2061,4,3,0,3,6,474,5,1,0,1,1,3,0
7,1,38,7,10,9,1,1,9924,2,3,0,14,7,1245,3,3,8,0,2,3,0
2,1,38,1,8,3,2,0,4198,2,3,0,16,7,437,5,2,2,2,2,4,0
0,1,36,0,15,1,2,0,6815,3,3,0,1,7,884,5,2,0,6,2,3,0
5,3,29,1,10,10,2,0,4723,1,3,1,3,2,1370,3,2,9,1,1,3,0
4,3,35,0,10,5,2,0,6142,3,3,1,10,0,670,4,1,2,3,2,3,0
6,3,39,7,11,7,1,1,8237,3,4,0,6,7,1462,3,4,6,2,3,3,0
3,1,29,1,6,6,0,1,8853,4,3,0,2,0,995,0,1,4,1,2,4,0
0,2,50,0,27,1,1,1,19331,3,3,1,9,3,264,2,3,0,4,5,3,0
2,5,23,2,4,2,1,1,2073,3,4,0,10,6,977,2,4,2,2,1,3,0
2,1,36,0,9,3,1,1,5562,1,4,1,6,2,1302,3,1,2,3,2,3,0
1,4,42,0,24,1,2,0,19613,4,2,0,9,3,1059,2,4,0,8,5,3,0
8,1,35,6,10,10,1,2,3407,3,4,0,28,2,750,3,2,9,1,2,2,0
7,5,34,7,8,8,1,1,5063,3,2,0,10,0,653,3,4,2,1,2,2,0
2,1,40,1,5,5,1,1,4639,1,3,0,14,7,118,2,4,4,1,2,3,0
2,5,43,0,8,6,0,1,4876,2,4,0,27,2,990,0,4,4,5,1,3,0
1,1,35,0,1,1,1,1,2690,4,2,0,7,2,1349,5,3,0,1,1,2,0
12,1,46,0,27,26,2,0,17567,1,4,0,1,3,563,5,4,0,1,4,1,0
0,3,28,0,1,1,1,3,2408,2,3,1,24,2,329,3,3,1,1,1,3,1
3,4,22,1,4,4,1,0,2814,3,2,1,26,6,457,2,2,2,1,1,2,0
13,3,50,12,32,30,1,1,11245,3,3,1,20,0,1234,3,2,8,2,4,3,0
2,4,32,0,6,3,1,2,3312,4,4,0,5,6,634,3,2,2,3,1,3,0
10,3,44,1,23,22,0,1,19049,4,3,1,7,5,1313,4,2,7,0,5,2,0
1,3,30,1,6,6,1,1,2141,2,2,0,7,6,241,3,2,4,1,1,2,0
4,3,45,1,10,10,2,0,5769,1,1,1,5,2,1015,3,3,7,1,2,3,0
5,2,45,4,10,10,1,1,4385,1,2,0,26,7,336,2,1,7,1,2,3,0
3,4,31,0,10,5,2,0,5332,1,3,0,2,7,715,3,4,2,7,2,3,0
1,1,36,1,7,3,1,2,4663,3,3,1,12,4,559,2,3,2,9,2,3,0
2,1,34,7,9,9,0,1,4724,4,4,0,10,4,426,3,3,7,1,2,3,0
4,1,49,1,10,9,1,1,3211,1,3,0,25,2,722,3,3,6,1,1,2,0
7,3,39,7,10,7,1,3,5377,1,3,0,10,4,1387,3,2,7,2,2,3,0
7,4,27,0,7,7,0,2,4066,1,2,0,19,2,1302,3,4,7,1,1,3,0
10,1,35,1,16,16,1,0,5208,1,4,0,18,6,819,2,2,15,1,2,3,0
0,3,28,0,6,5,0,1,4877,1,1,0,27,4,580,5,2,3,0,2,2,0
2,3,21,2,3,2,2,0,3117,4,3,0,5,6,546,2,3,2,1,1,3,0
0,3,18,0,0,0,2,0,1569,4,3,1,3,8,544,2,2,0,1,1,4,1
0,1,47,1,27,5,1,1,19658,3,3,0,26,3,1176,2,4,2,3,5,3,0
7,3,39,0,11,10,0,1,3069,3,2,0,3,2,170,3,3,8,0,2,3,0
12,1,40,14,18,18,1,2,10435,3,2,0,15,4,884,2,1,15,1,3,3,0
9,1,35,2,15,14,1,1,4148,3,3,0,8,0,208,5,3,11,1,2,3,0
2,1,37,0,9,4,1,3,5768,3,3,0,19,4,671,2,3,3,3,2,2,0
8,3,39,3,10,9,2,0,5042,3,3,0,4,4,711,2,1,2,0,2,1,0
9,4,45,3,10,10,0,2,5770,4,2,0,2,4,1329,3,4,7,1,2,3,0
2,3,38,0,10,5,1,1,7756,3,2,1,2,4,397,6,4,4,3,3,4,0
0,3,35,6,15,13,1,0,10306,1,2,0,10,7,737,3,4,12,9,3,3,1
7,3,37,7,8,8,1,1,3936,2,3,0,10,6,1470,2,2,4,1,1,1,0
3,1,40,3,18,4,2,0,7945,4,3,1,16,4,448,2,3,2,6,3,2,0
2,0,44,0,14,10,1,0,5743,4,3,1,1,1,602,3,1,7,4,2,3,0
2,3,48,2,23,2,1,1,15202,4,2,0,4,3,365,3,3,2,2,4,3,0
2,3,35,2,7,2,0,2,5440,4,1,1,15,7,763,2,1,2,6,2,2,1
3,5,24,1,6,6,2,0,3760,4,3,1,2,6,567,2,1,3,1,1,3,0
2,3,27,0,5,3,1,0,3517,3,4,0,8,6,486,0,2,2,7,1,3,0
2,3,27,1,6,4,2,0,2580,4,3,0,2,6,591,0,4,2,2,1,2,0
3,1,40,0,10,4,2,0,2166,1,3,1,7,2,1329,3,1,2,3,1,1,1
4,3,29,1,8,5,2,0,5869,3,2,0,10,7,469,2,3,2,9,2,3,0
2,1,36,0,9,3,1,2,8008,1,3,0,5,0,711,6,2,2,4,3,3,0
7,1,25,0,7,7,0,2,5206,3,4,0,2,4,772,6,4,7,1,2,3,0
0,3,39,1,7,5,1,0,5295,2,3,0,12,4,492,3,4,4,4,2,3,0
2,4,49,1,27,4,1,2,16413,2,3,0,22,5,301,2,1,2,3,4,3,0
11,1,50,1,19,14,0,3,13269,1,2,0,17,5,813,3,4,11,5,3,3,0
2,3,20,2,2,2,2,0,2783,3,3,0,2,8,1141,3,3,2,1,1,3,0
9,1,34,7,11,11,0,1,5433,2,3,0,3,6,1130,2,4,8,1,2,3,0
3,1,36,1,15,4,2,0,2013,2,3,0,7,2,311,4,1,3,2,1,3,0
12,1,49,2,30,15,1,1,13966,3,2,1,6,0,465,3,3,11,2,4,3,0
2,3,36,1,4,3,1,0,4374,3,2,0,1,4,894,6,4,2,0,2,3,0
4,1,36,0,13,5,0,1,6842,1,4,0,3,0,1040,3,4,4,6,2,3,0
7,3,54,4,36,10,1,1,17426,3,3,0,22,3,584,6,2,8,3,4,3,0
11,1,43,6,14,14,1,1,17603,3,2,0,15,5,1291,3,3,10,1,4,3,0
7,4,35,6,13,11,2,0,4581,4,3,1,12,7,880,2,4,9,3,2,4,1
9,1,38,2,19,13,1,2,4735,4,3,0,1,6,1189,4,4,11,7,2,4,0
9,3,29,0,10,10,0,1,4187,2,2,1,5,7,991,3,1,0,1,2,2,0
4,3,33,0,6,6,0,2,5505,4,3,0,2,7,392,5,4,2,1,2,3,0
6,3,32,1,10,9,0,2,5470,2,3,0,2,6,977,4,4,5,0,2,2,0
2,1,31,0,10,10,1,2,5476,4,3,0,5,7,1112,2,1,0,1,2,3,0
2,3,49,2,17,2,0,1,2587,1,3,1,16,2,464,2,4,2,4,1,2,0
3,3,38,3,4,4,2,0,2440,2,2,0,2,2,148,3,4,3,1,1,3,0
2,1,47,1,29,3,0,3,15972,2,4,0,2,3,1225,2,2,2,6,4,3,0
0,1,49,0,23,8,2,0,15379,3,3,0,1,3,809,2,3,7,4,4,3,0
2,1,41,0,21,2,2,0,7082,3,3,1,23,7,1206,2,4,0,3,3,3,0
2,1,20,0,2,2,2,0,2728,1,3,0,9,8,727,3,4,2,1,1,3,0
2,1,33,1,7,6,0,1,5368,4,3,1,16,7,530,2,3,5,1,2,3,0
2,1,36,0,10,3,1,2,5347,3,3,0,26,0,1351,2,1,2,6,2,2,0
2,1,44,2,8,2,0,3,3195,4,3,1,1,1,528,2,3,2,4,1,3,0
2,3,23,1,5,5,2,0,3989,3,2,1,8,2,1320,2,4,4,1,1,3,1
0,3,38,0,7,0,1,1,3306,3,3,0,4,2,1495,5,4,0,7,1,2,0
2,3,53,1,11,4,1,0,7005,4,4,0,24,0,1395,2,2,3,3,3,3,0
7,3,48,7,19,9,1,2,2655,3,3,1,7,8,708,3,4,7,2,1,3,1
0,1,32,0,1,1,2,0,1393,2,3,0,2,2,1259,2,4,0,1,1,3,1
7,3,26,5,7,7,2,0,2570,4,3,0,7,2,786,5,4,7,1,1,3,0
2,5,55,1,8,4,0,1,3537,2,2,0,22,6,1441,1,1,2,5,1,3,0
13,3,34,4,15,15,1,1,3986,4,2,0,5,2,1157,3,2,10,1,2,4,0
0,3,60,0,19,1,0,1,10883,4,1,0,1,0,370,2,3,0,3,3,4,0
13,3,33,2,14,14,1,3,2028,2,4,0,21,2,267,6,2,11,1,1,3,0
3,3,37,1,6,6,0,2,9525,4,1,0,1,7,1278,2,3,3,1,2,2,0
7,1,34,8,10,10,1,0,2929,4,2,0,19,6,678,3,2,9,1,1,3,0
2,1,23,0,3,3,0,1,2275,4,3,1,7,8,427,2,3,2,1,1,3,1
7,1,44,6,9,8,1,1,7879,4,4,1,2,0,921,2,3,7,1,3,3,0
4,3,35,1,6,5,2,0,4930,4,2,1,2,6,146,2,1,4,0,1,4,0
8,3,43,8,10,10,1,1,7847,4,3,1,2,7,1179,3,4,9,1,2,3,0
4,3,24,0,5,5,1,1,4401,3,4,0,9,6,581,1,3,3,1,1,3,0
7,2,41,8,10,10,2,0,9241,3,3,0,6,7,918,3,4,8,1,3,3,0
2,3,29,1,9,5,1,1,2974,3,3,0,9,2,1082,2,4,3,9,1,3,0
7,1,36,6,17,13,2,0,4502,4,3,0,2,8,530,2,3,7,3,2,2,0
4,1,45,14,25,23,1,1,10748,3,2,0,1,0,1238,3,3,15,3,3,2,0
0,0,24,0,1,1,1,1,1555,3,1,0,22,1,240,2,4,0,1,1,3,1
10,1,47,14,25,23,1,0,12936,3,1,0,9,7,1093,3,3,5,7,4,1,1
2,3,26,0,3,3,1,3,2305,3,1,0,17,2,390,3,4,2,1,1,4,0
6,5,45,8,21,21,2,0,16704,2,2,0,28,5,1005,2,4,6,1,4,3,0
3,1,32,1,10,5,1,1,3433,3,3,0,10,6,585,3,1,2,6,1,2,0
3,1,31,0,6,5,1,1,3477,3,3,0,2,2,741,2,2,2,1,1,4,0
2,0,41,1,10,3,1,1,6430,2,1,0,4,1,552,4,3,2,6,2,3,0
0,1,40,0,18,1,1,1,6516,1,3,1,8,4,369,3,2,0,2,2,3,0
2,3,24,1,6,6,0,3,3907,1,3,0,29,2,506,2,2,2,1,1,4,0
9,1,46,0,19,10,2,0,5562,2,3,0,13,0,717,3,3,7,6,2,3,0
7,1,35,0,17,7,1,1,6883,3,3,0,27,4,1370,3,4,7,2,2,3,0
8,1,30,0,10,10,1,1,2862,4,3,0,16,6,793,2,2,0,1,1,2,0
0,2,47,0,4,1,1,1,4978,2,3,0,2,7,543,3,3,0,7,2,1,0
3,1,46,0,13,10,0,1,10368,4,3,1,2,7,1277,5,3,6,4,3,2,0
2,2,36,2,16,2,0,3,6134,1,2,1,13,7,1456,3,2,2,5,2,3,1
0,1,32,0,10,0,2,0,6735,2,1,0,1,7,964,2,1,0,6,2,3,1
2,3,23,1,3,3,2,0,3295,2,3,0,4,2,160,3,3,2,1,1,1,0
4,5,31,1,9,5,2,0,5238,4,3,0,24,4,163,3,4,4,2,2,2,0
8,1,39,5,9,9,1,1,6472,4,3,1,1,2,792,2,4,8,1,2,3,0
2,1,32,0,10,4,1,1,9610,3,1,0,19,7,371,2,4,3,3,3,1,0
8,3,40,12,21,21,2,0,19833,2,3,0,7,3,611,3,2,8,1,5,2,0
3,1,45,0,9,5,1,2,9756,3,1,0,4,1,176,2,3,0,4,3,4,0
7,5,30,0,10,9,2,0,4968,1,2,0,2,6,1312,2,4,7,0,1,3,0
1,3,24,2,3,2,1,1,2145,4,3,0,10,1,897,2,1,2,0,1,3,0
2,0,30,1,6,4,0,1,2180,4,2,0,8,1,600,0,3,2,6,1,2,1
2,5,31,0,6,5,1,1,8346,3,3,0,5,7,1003,3,1,2,1,2,3,0
4,3,27,1,6,6,2,0,3445,4,3,0,8,6,1054,5,3,2,1,1,2,0
2,2,29,2,2,2,2,0,2760,2,1,0,9,8,428,3,2,2,1,1,3,1
2,1,29,0,10,3,2,0,6294,3,4,1,1,0,461,5,4,2,8,2,4,0
7,2,30,1,12,7,0,1,7140,1,2,0,15,7,979,2,3,7,2,3,3,0
2,3,34,1,6,5,1,3,2932,4,4,1,2,6,181,3,4,0,0,1,3,0
7,2,33,1,13,11,2,0,5147,2,3,0,2,7,1283,2,4,7,8,2,2,0
4,2,49,0,8,5,2,0,4507,4,3,0,11,7,1313,1,4,1,3,2,4,0
0,1,33,0,11,0,2,0,8564,1,3,1,16,7,211,2,1,0,2,3,2,1
5,3,38,0,9,6,1,1,2468,2,2,0,2,2,594,4,3,1,4,1,2,0
0,2,31,0,10,1,1,3,8161,3,3,0,16,7,1079,2,1,0,2,3,3,1
0,5,29,0,1,1,0,1,2109,1,2,0,4,6,590,2,4,0,1,1,3,0
7,1,30,1,10,7,1,1,5294,3,4,0,16,0,305,3,3,0,3,2,3,0
7,5,32,0,12,7,2,0,2718,2,3,0,5,6,953,3,2,7,2,1,3,0
0,3,38,1,15,1,1,1,5811,4,1,1,18,0,833,2,2,0,3,2,3,0
0,5,43,0,6,1,1,1,2437,3,2,1,17,6,807,4,3,0,9,1,3,1
4,3,42,0,7,5,0,3,2766,2,3,0,12,2,855,6,2,3,8,1,2,0
0,3,55,0,34,1,1,3,19038,1,2,0,2,5,478,2,3,0,8,5,3,0
7,5,33,1,11,9,0,2,3055,2,3,0,4,6,775,2,4,8,5,2,2,0
4,1,41,0,5,5,0,2,2289,1,3,0,9,2,548,2,3,3,1,1,3,0
7,1,34,0,15,15,0,1,4001,3,3,1,10,7,1375,3,4,14,1,2,3,0
2,3,53,0,27,3,1,3,12965,3,2,1,1,4,661,2,1,2,4,4,2,0
8,1,43,1,10,9,2,0,3539,4,3,0,2,1,244,5,2,7,0,1,3,0
2,1,34,2,6,2,2,0,6029,4,1,0,3,7,511,3,4,2,5,2,3,0
0,2,21,1,1,1,2,0,2679,2,3,0,7,8,337,3,2,0,1,1,3,1
4,4,38,0,5,5,1,1,3702,3,2,0,6,2,1153,3,4,4,1,1,3,0
0,3,22,0,1,1,1,0,2398,1,3,1,8,2,1294,6,3,0,1,1,3,1
7,2,31,5,13,12,1,2,5468,4,2,0,29,7,196,3,1,7,1,2,3,0
2,5,51,2,15,2,1,0,13116,3,3,0,3,3,942,2,1,2,2,3,3,0
3,2,37,0,5,5,1,2,4189,2,2,0,9,7,589,2,2,2,1,2,3,0
2,3,46,2,24,2,0,1,19328,4,3,1,2,5,734,3,3,1,7,5,3,0
7,1,36,5,15,12,1,1,8321,1,3,1,10,0,1383,1,4,8,7,3,3,0
3,3,44,2,6,5,0,3,2342,2,3,1,1,6,429,2,3,3,1,1,2,1
7,4,37,4,19,10,0,0,4071,2,3,0,8,1,1239,4,3,0,2,2,2,0
7,1,35,7,10,10,2,0,5813,4,3,1,27,7,303,2,3,7,1,2,3,1
6,1,33,7,14,10,1,1,3143,1,4,0,8,6,867,1,4,8,6,1,3,0
3,1,28,0,5,5,1,1,2044,4,3,0,1,6,1181,6,3,3,1,1,4,0
2,3,39,2,9,4,2,0,13464,3,3,0,10,5,1253,3,3,3,7,3,3,0
2,1,46,2,6,2,2,0,7991,2,2,0,26,7,849,3,2,2,8,2,3,0
2,1,40,0,7,4,1,1,3377,1,3,0,2,2,616,5,3,3,4,1,2,0
0,3,42,0,10,0,1,2,5538,1,4,0,13,0,1128,2,2,0,5,2,2,0
7,3,35,1,15,7,0,1,5762,4,3,0,2,4,1180,6,2,7,2,2,3,0
8,0,38,3,13,11,0,3,2592,2,3,0,2,1,1336,3,1,10,5,1,3,0
7,1,34,0,11,7,1,1,5346,1,3,0,9,2,234,3,4,1,4,2,2,1
8,3,37,0,10,10,2,0,4213,1,3,0,10,4,370,4,4,3,1,2,1,1
2,1,39,2,7,2,0,1,4127,4,3,0,20,7,766,6,3,1,2,2,3,0
2,1,43,1,7,3,2,0,2438,3,3,0,9,6,343,2,1,2,4,1,2,0
2,1,41,1,11,3,2,0,6870,2,4,0,5,0,447,3,2,2,3,2,1,0
5,2,41,13,23,22,0,1,10447,3,3,1,4,7,796,3,3,14,0,3,4,0
2,3,30,0,9,7,2,0,9667,3,3,0,10,4,1092,3,1,7,9,3,3,0
4,3,26,1,6,5,1,0,2148,2,3,1,20,1,920,3,4,1,0,1,3,1
7,3,46,3,13,9,1,1,8926,2,3,0,21,0,261,2,4,7,4,2,4,1
3,1,40,0,12,5,0,1,6513,4,3,0,1,0,1194,3,3,3,4,2,3,0
8,5,34,4,10,10,1,2,6799,3,4,0,8,7,810,5,2,8,1,2,3,0
14,3,58,14,37,16,0,1,16291,2,3,0,2,3,350,0,2,9,4,4,2,0
3,3,35,0,6,5,1,1,2705,3,1,0,23,2,185,2,2,4,0,1,4,0
10,1,47,14,28,22,0,1,10333,2,2,1,4,4,1001,4,3,11,8,3,3,0
7,1,40,7,15,7,0,1,4448,1,3,0,12,0,750,3,2,4,2,2,3,0
7,3,54,1,14,7,1,1,6854,4,3,0,7,6,431,2,4,1,4,2,2,0
2,2,31,2,9,3,1,2,9637,1,3,0,7,7,1125,3,1,2,2,3,3,0
2,3,28,1,3,3,1,1,3591,1,3,0,1,6,1217,3,3,2,1,1,3,0
3,2,38,0,20,4,1,2,5405,4,1,1,2,8,723,4,2,2,2,2,2,0
2,3,26,1,5,5,2,0,4684,4,3,0,10,7,572,4,3,3,1,2,3,0
2,1,58,2,23,2,1,0,15787,3,3,1,15,5,1216,3,1,2,2,4,3,0
0,3,18,0,0,0,2,0,1514,3,3,0,14,6,1431,4,2,0,1,1,1,0
0,0,31,0,2,1,1,0,2956,1,4,0,18,1,359,4,4,0,0,1,3,1
0,0,29,2,4,2,0,3,2335,1,2,1,13,1,350,3,1,2,4,1,3,1
7,1,45,5,10,8,1,2,5154,3,3,0,2,7,589,3,3,7,4,2,4,0
0,4,36,0,15,1,1,1,6962,2,3,1,2,6,430,2,4,0,4,2,3,0
7,1,43,7,7,7,1,1,5675,4,3,0,2,7,1422,5,1,7,1,2,3,0
2,1,27,0,6,5,2,0,2379,4,3,1,5,2,1297,3,4,4,0,1,2,0
10,3,29,3,11,11,1,0,3812,4,3,0,20,2,574,3,4,8,1,1,4,0
0,2,32,0,4,0,2,0,4648,4,3,0,10,7,1318,2,4,0,8,2,4,0
3,5,42,3,10,6,1,2,2936,3,3,0,10,6,355,1,3,3,3,1,2,0
0,1,47,2,7,2,2,0,2105,3,3,0,9,2,207,2,2,2,4,1,3,0
7,1,46,4,12,9,0,1,8578,4,3,0,2,4,706,4,4,8,3,3,2,0
2,1,28,2,3,3,0,1,2706,4,3,0,1,1,280,2,3,2,1,1,3,0
6,1,29,1,11,7,0,2,6384,3,1,0,29,0,726,3,4,0,8,2,3,0
0,1,42,0,8,0,2,0,3968,3,3,0,8,2,1142,3,4,0,4,1,3,0
2,2,32,2,7,2,2,0,9907,2,2,1,2,7,414,3,3,2,7,2,2,1
8,5,46,2,25,19,0,1,13225,1,4,0,3,7,1319,5,1,17,2,4,3,0
8,3,27,5,9,9,1,1,3540,3,2,0,23,8,728,5,2,8,1,2,3,0
0,3,29,0,1,1,1,0,2804,2,2,0,6,1,352,3,4,0,1,1,3,0
14,3,43,6,21,16,1,0,19392,3,2,0,6,3,823,2,1,12,7,5,3,0
9,1,48,12,29,22,1,0,19665,2,2,0,10,5,1224,3,4,10,4,5,3,0
0,1,29,1,1,1,2,0,2439,4,2,1,24,6,459,3,4,0,1,1,2,1
7,1,46,0,14,8,1,3,7314,2,3,0,10,7,1254,2,3,7,5,3,3,1
3,1,27,7,8,7,1,1,4774,1,2,0,15,6,1131,2,4,6,0,1,2,0
2,4,39,2,7,2,0,3,3902,4,3,0,19,6,835,2,4,2,8,2,3,0
4,5,55,0,19,5,1,1,2662,4,2,0,2,6,836,2,2,2,8,1,4,0
0,3,28,0,1,1,1,1,2856,2,3,0,3,8,1172,3,2,0,1,1,3,0
0,3,30,0,1,1,2,0,1081,4,3,0,9,8,945,3,2,0,1,1,2,1
0,1,22,0,1,1,2,0,2472,2,3,1,7,6,391,2,4,0,1,1,3,1
7,5,36,1,10,10,1,1,5673,3,2,1,10,7,1266,4,2,9,1,2,3,0
2,1,31,0,10,10,0,1,4197,3,3,0,20,2,311,2,2,8,1,2,3,0
0,1,34,1,9,5,1,3,9713,4,3,1,4,7,1480,3,3,3,2,3,3,0
2,1,29,1,11,3,2,0,2062,1,3,0,7,2,592,2,4,2,3,1,3,0
4,3,37,0,16,5,1,1,4284,1,3,1,7,6,783,2,4,3,5,2,3,0
2,4,35,0,4,3,1,0,4788,2,2,1,16,4,219,2,4,2,0,2,3,0
8,1,45,3,10,9,1,2,5906,4,2,0,25,4,556,2,2,8,0,2,2,0
8,0,36,0,10,10,2,0,3886,4,2,0,2,1,1213,2,2,1,1,2,2,0
16,1,40,11,22,19,0,1,16823,1,3,0,1,3,1137,3,1,7,2,4,3,0
0,1,26,1,1,1,1,1,2933,3,2,1,1,6,482,3,2,0,1,1,2,0
7,3,27,0,9,8,2,0,6500,3,4,0,2,7,511,5,1,7,0,2,2,0
7,3,48,4,24,22,0,1,17174,4,3,0,22,3,117,3,4,17,3,4,3,0
2,1,44,2,10,2,1,1,5033,1,4,0,1,0,170,5,2,0,2,2,3,0
0,5,34,3,5,5,1,1,2307,1,1,1,16,6,967,2,4,2,1,1,3,1
0,1,56,1,5,4,2,0,2587,4,3,0,24,2,1162,3,1,2,1,1,3,1
3,2,36,1,12,4,1,2,5507,2,2,0,17,7,335,1,3,2,2,2,1,0
4,2,41,1,14,5,1,1,4393,2,3,0,8,7,337,3,3,4,5,2,3,0
7,3,42,5,18,13,1,1,13348,1,3,0,6,5,1396,3,3,7,9,3,4,0
4,3,31,1,8,5,0,1,6583,4,3,1,10,7,1079,2,3,2,2,2,3,0
1,3,34,0,9,4,1,0,8103,4,2,1,3,7,735,3,4,2,3,2,2,0
2,3,31,2,4,2,0,1,3978,3,4,0,4,2,471,0,1,2,8,1,2,0
7,4,26,7,8,7,1,1,2544,4,4,0,6,2,1096,3,3,7,0,1,3,0
3,3,45,0,12,4,2,0,5399,3,3,0,1,0,1297,3,2,2,4,2,3,0
9,2,33,0,10,10,2,0,5487,3,3,0,10,7,217,2,2,4,1,2,2,0
7,1,28,0,7,7,1,1,6834,4,2,1,1,7,783,2,3,7,1,2,3,0
0,5,29,0,1,1,2,0,1091,1,4,0,24,8,746,3,3,0,1,1,3,1
2,1,39,1,10,3,1,1,5736,3,1,0,21,7,1251,1,1,2,6,2,3,0
2,5,27,1,6,5,1,1,2226,2,3,0,2,6,1354,3,2,3,1,1,2,0
11,4,34,6,16,15,1,0,5747,4,2,1,22,6,735,3,3,10,1,2,3,0
2,2,28,2,6,2,2,0,9854,3,3,1,13,7,1475,0,4,0,3,2,3,1
7,5,47,1,16,8,1,1,5467,2,3,0,14,6,1169,4,3,7,8,2,4,0
0,2,56,0,6,0,1,1,5380,1,2,0,11,7,1443,3,4,0,4,2,3,0
9,3,39,7,10,10,1,1,5151,1,3,0,9,4,867,3,1,0,1,2,3,0
7,3,38,0,20,20,0,1,2133,2,2,1,8,6,1394,3,4,11,1,2,3,0
0,1,58,0,29,1,1,1,17875,4,3,1,21,3,605,2,4,0,4,4,2,0
3,1,32,0,8,4,2,0,2432,3,4,1,5,6,238,2,1,1,3,1,3,1
3,1,38,0,10,5,0,2,4771,4,3,0,9,6,1206,0,2,2,2,1,4,0
3,1,49,4,28,5,1,0,19161,4,3,0,2,5,1064,3,2,4,3,5,3,0
0,2,42,0,14,0,0,2,5087,4,3,1,12,7,419,4,2,0,3,2,3,0
0,0,27,0,1,1,1,0,2863,2,2,0,22,1,1337,2,1,0,1,1,3,1
4,3,35,0,6,5,1,1,5561,1,3,0,18,7,682,2,2,3,0,2,1,0
4,3,28,1,5,5,2,0,2144,3,3,0,16,6,1103,3,3,3,1,1,2,0
3,3,31,2,4,4,0,1,3065,1,3,1,3,6,976,3,3,2,1,1,4,0
2,1,36,0,5,5,1,0,2810,2,4,0,9,2,1351,3,1,4,1,1,3,0
1,2,34,2,14,14,2,0,9888,4,3,0,1,7,937,3,1,8,1,3,2,0
1,3,34,1,9,8,0,1,8628,3,3,0,13,7,1239,2,4,7,1,3,2,0
6,3,26,7,8,7,2,0,2867,1,3,0,1,2,157,6,3,7,0,1,2,0
2,1,29,0,6,5,1,1,5373,1,3,0,1,0,136,5,1,3,0,2,2,0
2,3,32,1,9,5,0,1,6667,4,3,0,15,0,1146,6,3,1,5,2,3,0
7,1,31,8,10,10,1,0,5003,1,1,0,1,6,1125,6,4,8,1,2,3,0
3,5,28,0,6,4,0,1,2367,4,2,0,17,2,1404,2,3,1,5,1,2,1
0,1,38,0,20,1,2,0,2858,1,2,0,1,8,1404,3,1,0,4,1,2,0
9,1,35,0,10,10,1,0,5204,4,3,1,7,7,1224,2,3,8,1,2,3,0
7,2,27,0,7,7,2,0,4105,4,3,0,9,7,954,5,4,7,1,2,3,0
0,1,32,0,8,1,2,0,9679,4,2,0,5,4,1373,1,4,0,8,2,3,0
8,2,31,0,10,10,1,0,5617,4,3,1,26,7,754,4,1,7,1,2,3,1
2,1,53,2,15,2,2,0,10448,1,3,1,24,7,1168,2,1,2,6,3,2,1
3,1,54,2,9,4,1,2,2897,3,3,0,9,6,155,6,1,3,3,2,2,0
8,1,33,2,9,9,0,3,5968,3,3,0,7,0,1303,2,4,7,1,2,3,0
9,1,43,0,10,10,1,1,7510,3,3,0,11,0,574,1,1,9,1,3,3,0
2,4,38,1,7,6,1,1,2991,2,3,1,1,1,1444,2,4,2,0,1,3,0
4,0,55,1,35,10,1,1,19636,2,4,1,26,3,189,0,3,9,4,5,3,0
0,3,31,0,1,1,0,3,1129,4,1,1,2,2,1276,4,4,0,1,1,3,0
10,2,39,11,21,20,2,0,13341,1,3,0,15,7,119,3,2,8,0,4,3,0
7,1,42,3,20,20,2,0,4332,3,2,0,23,6,335,2,4,9,1,2,3,0
8,3,31,4,13,11,1,1,11031,3,3,0,10,5,697,2,3,7,4,3,4,0
4,3,54,1,9,5,2,0,4440,1,3,1,10,4,157,3,3,2,6,2,3,0
2,1,24,1,4,4,2,0,4617,3,2,0,1,0,771,2,2,3,1,2,2,0
4,4,23,1,5,5,2,0,2647,4,3,0,12,2,571,6,4,2,1,1,4,0
4,5,40,9,10,10,1,1,6323,3,3,0,11,2,692,2,4,9,1,2,4,0
10,2,40,5,15,11,1,1,5677,2,3,0,2,7,444,4,2,8,3,2,3,0
2,0,25,1,6,2,1,0,2187,2,3,0,2,1,309,3,3,0,4,1,3,0
7,3,30,1,12,12,1,0,3748,2,3,0,1,2,911,6,4,8,1,1,2,0
2,4,25,0,7,2,0,1,3977,3,3,1,2,2,977,2,4,2,6,1,2,0
11,3,47,12,25,17,2,0,8633,3,3,0,25,0,1180,3,1,14,2,3,3,0
0,3,33,0,1,1,0,3,2008,3,2,0,1,2,1313,2,2,1,1,1,2,0
8,1,38,5,16,15,1,2,4440,2,3,0,1,7,1321,3,4,13,0,2,3,0
2,1,31,1,3,2,1,1,3067,3,3,0,2,8,1154,1,1,2,0,1,3,0
7,1,38,7,10,8,1,1,5321,3,2,0,6,4,508,1,1,3,2,2,3,0
2,1,42,1,9,4,0,1,5410,1,3,1,18,6,557,3,4,3,6,2,2,0
0,1,41,1,12,5,1,1,2782,4,3,0,1,6,642,3,4,3,3,1,3,0
12,3,47,5,14,13,1,2,11957,2,3,0,1,5,1162,3,3,8,0,3,1,0
2,3,35,2,5,2,1,1,2660,3,3,1,11,2,1490,3,4,2,7,1,3,0
2,1,22,1,4,3,2,0,3375,3,3,0,1,6,581,2,4,2,0,1,4,0
8,3,35,0,10,10,2,0,5098,3,3,0,9,6,1395,5,2,7,1,2,3,0
1,3,33,8,10,9,1,1,4878,4,3,1,15,0,501,6,2,7,0,2,3,0
1,1,32,4,6,6,2,0,2837,2,2,0,29,2,267,3,3,2,1,1,3,0
0,1,40,0,8,1,1,2,2406,4,3,0,1,2,543,3,1,0,8,1,2,0
2,3,32,2,3,2,1,1,2269,2,2,0,1,8,234,2,2,2,0,1,3,0
7,1,39,1,18,7,2,0,4108,4,3,0,24,6,116,2,1,7,7,2,3,0
11,3,38,1,20,18,1,1,13206,3,1,0,10,5,201,3,2,16,3,3,3,0
7,2,32,5,14,14,1,2,10422,4,3,0,1,7,801,3,3,10,1,3,3,0
8,1,37,6,16,16,1,1,13744,4,4,1,10,5,161,2,3,11,1,3,3,0
4,4,25,0,6,5,0,1,4907,3,3,1,8,7,1382,3,1,3,0,2,2,0
0,1,52,0,16,9,0,2,3482,4,3,0,29,8,585,3,1,8,2,1,2,0
2,3,44,1,6,4,2,0,2436,4,3,1,1,6,1037,2,2,3,6,1,3,0
2,3,21,1,2,2,2,0,2380,1,3,1,5,8,501,6,3,2,1,1,3,0
3,1,39,1,21,6,2,0,19431,4,3,0,9,3,105,3,4,0,2,5,2,0
0,2,23,1,1,1,1,1,1790,1,3,0,9,8,638,3,4,0,1,1,2,1
4,3,36,3,10,9,1,2,7644,4,2,0,3,7,557,2,1,7,0,3,3,0
2,1,36,0,18,4,0,3,5131,2,3,0,4,4,688,3,4,2,7,2,3,0
9,1,56,1,13,13,0,1,6306,3,3,0,1,0,667,2,3,12,1,2,2,0
2,3,29,2,4,2,1,3,4787,4,3,1,1,6,1092,3,1,2,9,1,4,1
14,1,42,4,24,22,1,0,18880,3,3,0,2,3,300,2,1,6,5,5,2,0
8,5,56,9,14,10,1,1,2339,3,3,0,7,2,310,4,4,9,8,1,1,1
10,1,41,0,21,20,1,1,13570,2,2,0,28,4,582,3,1,7,0,4,3,0
7,2,34,1,8,8,1,2,6712,3,2,0,28,7,704,2,4,7,1,2,3,0
11,2,36,11,15,15,0,1,5406,4,1,0,15,7,301,4,4,12,1,2,2,0
4,1,41,0,14,5,0,1,8938,2,2,0,3,7,930,5,3,4,2,2,3,0
2,5,32,1,4,4,2,0,2439,1,3,0,2,6,529,4,4,2,1,1,3,0
7,1,35,1,9,9,2,0,8837,4,3,1,26,1,1146,2,3,0,1,3,3,0
9,1,38,1,10,10,1,1,5343,4,3,0,10,7,345,1,1,7,1,2,3,0
1,1,50,0,12,6,0,2,6728,3,3,0,1,7,878,3,2,3,7,2,3,1
0,2,36,0,8,6,1,1,6652,4,2,0,11,7,1120,2,2,3,4,2,2,0
1,1,45,0,8,5,2,0,4850,3,3,0,20,7,374,3,4,3,8,2,3,0
2,1,40,2,8,2,2,0,2809,3,2,0,2,6,1322,2,3,2,2,1,3,0
2,1,35,0,10,10,1,2,5689,3,3,1,18,0,1199,2,3,2,1,2,4,0
2,3,40,0,20,5,1,3,2001,3,3,0,2,6,1194,2,3,3,2,1,3,0
1,1,35,1,4,4,1,1,2977,4,1,0,1,6,287,5,3,3,1,1,3,0
3,4,29,0,10,4,1,1,4025,2,2,1,13,2,1378,2,4,3,4,2,3,0
4,3,29,0,5,5,2,0,3785,1,2,0,28,6,468,3,4,4,1,1,1,0
0,2,50,2,20,3,0,1,10854,1,2,1,28,7,410,3,4,2,4,3,3,1
6,2,39,9,21,20,1,1,12031,4,2,0,24,7,722,2,2,9,0,4,2,0
7,3,31,1,10,9,2,0,9936,1,3,0,5,4,325,2,2,4,0,2,3,0
0,4,26,0,5,4,2,0,2966,3,2,0,5,8,1167,2,4,2,0,1,3,0
3,3,36,0,17,5,1,1,2571,4,4,0,23,2,884,3,3,2,4,2,3,0
7,3,39,1,9,7,1,1,9991,1,2,0,6,0,613,5,4,7,4,3,3,0
3,1,27,0,6,6,1,1,6142,2,4,1,4,4,155,0,2,2,1,2,3,0
8,3,49,0,17,9,1,0,5390,2,2,0,2,7,1023,3,4,6,2,2,2,0
2,3,34,1,6,4,1,0,4404,3,4,0,8,2,628,3,2,3,2,2,4,0
